event,date,round,black,white,result,moves
EGPStockholm,2006.05.28,F1,KashiwabaraTakuji,LeaderImre,31-33,C4E3F6E6F5C5F4G5G6F7E2F2D6F3F8B4H4H6G3G4H3H5H7G2B5C6D7C7B6D8E8C8E7D3D2E1A3G8D1C3C1A4B7G7A6A8B8A7C2B3A5A2H8F1B2B1H2G1
EGPStockholm,2006.05.28,F2,LeaderImre,KashiwabaraTakuji,28-36,D3C5F6F5E6E3C3F3C4B4B5C2A3D6C6B6A6E7C1C7C8F7E2D2F2F4D1B3D7D8A4A5G3B8G4B2E8B7G5F8A8A7G8A2A1G6H6H5H4E1F1H2H3H7G7H8G1H1
EGPStockholm,2006.05.28,F3,KashiwabaraTakuji,LeaderImre,39-25,C4E3F5E6F6C5F4G5G6F7E2F2D6F3G3H3H6G4C3D3H4C7B6E7C6B5B3B4C2D2A5A3D1F1C8D7H5A4A2E1C1B1H2G7G2A7D8F8E8B8H8G1B7H7G8H1A8A6
EGPStockholm,2006.05.28,3/4,AnderssonGoran,BorassiMichele,24-40,C4E3F6E6F5C5C3B4D3E2D6F4C6D2A4D7F3E7F7B6B5A3C2A5E8B3F1E1D1G6A6A7C8G4C7G3H6G5F2F8H5H4B2G2H1G1G7D8G8B7H2H3A8B8A2H8H7B1
Worldchampionship,2007.12.01,F1,NicoletStephane,TominagaKenta,35-29,C4E3F4C5D6F3E6C3D3E2B5B6B3A6B4A5D2C2A4A3D1C6F5F2E1F1G1G5G3G4H5H4H3D7H6E7E8F8G8F7F6G7C7C8H8G6D8H7B8B7A8A7A2B2A1G2H1H2
Worldchampionship,2007.12.01,F2,TominagaKenta,NicoletStephane,37-27,C4C3D3C5D6F4F5E6F6C7B4B3C6E2B5E3F3G4C8A4D2C1E1F2C2D1B1A6A5G6G5H6H3G3F1F7E7D8E8B2F8G7H4D7A1B6H8G8B7H2H7H5H1A7A3A2A8B8
Worldchampionship,2007.12.01,F3,NicoletStephane,TominagaKenta,27-37,C4E3F4C5D6F3E6C3D3E2B5C6D7F6G6F5B4E7F7A4G5G4H3H5G3H6H4H2A3A6B3C2A5A2D2C1F2E1D1F1G2C7B2H7B6A1B1C8D8A7B8E8F8H1G1G7B7A8
Worldchampionship,2007.12.01,3/4,BergMatthias,NakajimaTetsuya,33-31,E6F4C3C4D3D6F6E7C5C6D7E8C7G5F3F2F5G4G3H4G6F7H3H2H5H6C8E3G8C2C1B3D2F8D8B5E2F1A5B6B4B7A4A6A7D1A8B8H7H8G7A2A3B1A1B2E1G2
Worldchampionship,2007.12.01,SF1,NicoletStephane,NakajimaTetsuya,41-23,F5D6C5F4E3C6D3F6E6D7G4C4G5C3B4B3B5A5A4A3B6C7F7F3E7A6D8G3C8H4E2F2D2D1C2E1C1B7F1G2H5H6A8G6H1G1H2H3H7G8F8G7A7B8H8E8B2B1
Worldchampionship,2007.12.01,SF1,BergMatthias,TominagaKenta,27-37,D3C5F6F5E6E3C3F3C4B4B5C2D2D6C7C6D7B3B6A6C1D8F4G5E2G4C8B8E7F2A4A2A3E1G6D1H5B1A1B2H3A7G3G2H1H2F1H4F8G7H8H6H7G1B7A8A5E8
Worldchampionship,2007.12.01,SF2,NakajimaTetsuya,NicoletStephane,36-28,F5F6E6F4E3C5G5G3C6D6G4D3F7F3D7C7B5B4C4C3B6A6C8E7E2D8A5A4F2H5H6H3E8G6D2C2A3A2B3D1F1A7E1C1G7H8H7G8F8B7A8B8A1G1B1B2H1H4
Worldchampionship,2007.12.01,SF2,TominagaKenta,BergMatthias,32-32,F5D6C3D3C4F4F6G5E6D7E3C5F3E7B6B5C6B4C7B3A6A5D8C2F8E8A4A3C8G6G4F7D2A7B7H3C1E2H5H6H7G7H8A8B8E1B2G8G3F2H4A1A2B1G1D1H2F1
Worldchampionship,2007.12.01,SF3,BergMatthias,TominagaKenta,29-35,E6F4C3C4D3D6F6C6F5G5G4F7E7E3F2F3E2G6G3H3B4D2F8B5H4H5C7D1E1C1H6H7G2D7B3C5C8C2A6G7B1H1H2G1H8G8B2A4F1A1A2A3B6D8E8A7A5B7
Worldchampionship,2007.12.01,SF3,NicoletStephane,NakajimaTetsuya,0-1,C4E3F4C5D6F3E6C6B4B5D3C3E2F2D2F1C2B3E1C1G1G4G5F5A6F7E7C7D7F8B6F6E8C8A4D8G6H6A3D1B1B2H3H4A1A5G2G3H5H1H7A2G8B7B8A8A7H8
Worldchampionship,2007.12.01,F-women,OdsellCaroline,TatsumiYukiko,30-34,F5D6C5F4E3C6D3F6E6D7G3C4G6C3F7D2E7F2E2H4C8E8C1F8C2H6H5G5D8G4G8F1E1F3B6C7B4B5A5B3H3H2G7H8H7B8A4D1H1A3A2B1G1G2A1B2B7A8
Worldchampionship,2007.11.30,PlayOff,BergMatthias,LeaderImre,34-30,E6F4C3C4D3D6F6C6F5G5G4F7E7G6B5H3C5D8C7F3G3E3H5H4H2C2D7B4B3A5A4A3F8A6E8G7C8B6D2E1B2E2B1G2H8G8H7H6H1F2G1F1D1A1A2C1B7B8
Worldchampionship,2007.11.29,6,NakajimaTetsuya,TominagaKenta,21-43,F5D6C3D3C4F4F6F3E6E7D7G6F8F7G5G4H3G3H5C8H2C5B5B4H4C6F2E8D8G8B3C2C7A6A5B6H6G7A7A3A4A8D2B2C1E1E2E3D1G1F1B1B8B7H8H7A1H1
Worldchampionship,2007.11.29,7,BergMatthias,KashiwabaraTakuji,35-29,D3C5F6F5E6E3C3F3C4B4B5C2D2B3G4C1F4A6F2G3E2F1D1E1H3C6B6D6A4A3A5G5H4H6H5H2E7C7D7E8F8D8F7G8G2G6B8C8H8H1G1B7A2B2A1B1G7H7
Worldchampionship,2007.11.30,8,SeeleyBen,TominagaKenta,30-34,D3C5F6F5E6E3C4F7G4D6E7G5C6D8F4F3H5H6H7C3G6D7C8B8E8F8F2D2C2C7D1F1G3E2G7H4H3G2H1G1B7A8B5B4H2E1A3B6B3A4C1A2A7B2A1B1A5A6
Worldchampionship,2007.11.30,9,TominagaKenta,HongthongAnon,49-15,F5F6E6F4E3D6G4D3C3H3C4G3G5G6E7F7H5F3H4H6C6C5B5F8C7B6E2A4A6D8C8D7E8B8H7C2H2E1F1D2D1G2C1G7A5B4A3F2H8G8A8B7B1B2A1A2B3A7
Worldchampionship,2007.11.30,10,HongthongAnon,BarreSebastien,25-39,C4E3F6E6F5C5F4G6F7D6E7F3G5H6B6B5G4H5C7D7C6F8D8A6H3C8B8B4D2G3F2F1H2E2A3D3B3C3A4A5A7C1C2B1G2H4H7E8G8H1D1H8G7A8B7E1G1B2
Worldchampionship,2007.12.01,10,TominagaKenta,NicoletStephane,34-30,F5F6E6F4E3C5C4D3C3F2G5E7G4F3D2G3E2H6H3H4F1D1E1G1B5C2G2D6C6B3H5B4F7A6C7G6F8G7A4D7C1H1H2B2B6A7A5A3D8B1H8H7G8E8C8B7A8B8
Worldchampionship,2007.11.30,11,NicoletStephane,LeaderImre,36-28,F5D6C5F4E3C6D3F6E6D7G4C4G5C3B4B3B5A5A4A3B6C7F7F3E7A6D8G3C8H4E2H6D2F2C2C1D1E1B2E8A2F8G8G7G6H8H7A1H5B8A7A8B7H2H3B1H1G1
Worldchampionship,2007.11.30,11,BarreSebastien,TominagaKenta,31-33,F5D6C3D3C4F4E6B3E2C5C6E3D2F6F3C2G3C7G5D7G6D1B4A3B5A6E7F8C8D8B6A5A4F7E1H6C1H5G4F2E8B8B7F1G1H4H3H2G7H7G2G8H8H1A8A7A2B2
Worldchampionship,2007.11.30,12,FangRandy,TominagaKenta,18-46,E6F4E3D6C5F3C4F6F5G4D7C6B5C3D3B4G3D2E7G5F7G6F2E2E1D1C1F1G1A6B3H3H4H5H7C2A3A4H6H8G2G8G7H1A5A2B1A1B2B6H2F8E8D8C8C7A7B8
Worldchampionship,2007.11.30,12,OhnoTomohiro,NicoletStephane,18-46,C4C3D3C5E6E3C6F5C2B4A3B5A4E7F6A6D6B3G5B6F4C7A5A2D7D8F8F3E8G8B8D1E2D2F2G1B1C1E1G4H3G2B2F1H1A1G3F7G7H2B7A7H8G6A8H7H6H5
Worldchampionship,2007.11.30,13,NakajimaTetsuya,LeaderImre,47-17,F5D6C3D3C4F4F6F3E6E7D7G6F8F7G5G4H3H4H5H6H7E8D8C5C6B4G3B5F2B6C7D2G8G2H1G7E3F1H8C8C1E2D1E1G1H2C2B2B1B8B7A8A7A6A5A4A3A1
EGPStockholm,2007.06.03,F1,LeaderImre,SuekuniMakoto,35-29,D3C5F6F5E6E3C3D2F4F3C2G4D1D6E2F2G3H4G1F7H3G6C4B3E7F8C7D7C8G5E8F1E1B1H5H6G2B2C6B6B7D8B4A4C1B5G8A8H7H1B8H8H2G7A1A3A5A7
EGPStockholm,2007.06.03,F2,SuekuniMakoto,LeaderImre,15-49,C4E3F6E6F5C5C3C6D3D2F3B3C1C2E7E1D6E2B5D7B4A4C8A5A6B6A3F2F1F4B1G1G5D8E8G4C7H6G3G6H5H4H2B7H3H1G2B8G7H7A8D1A1A7A2H8G8B2
EGPStockholm,2007.06.03,3/4-1,KashiwabaraTakuji,Ingelman-SundbergSimon,23-41,C4C3D3E3F4C5E2G4G5G3E6F5H3D2F3E7C1H4C2H6B3F6B4A4H5H2D6C7B6B5C6D7A3A6G7G6F7F1E1F2A5G2A7D1D8C8B8B1E8B7G1H1B2F8H7A8A2A1
EGPStockholm,2007.06.03,3/4-2,Ingelman-SundbergSimon,KashiwabaraTakuji,6-58,C4E3F6E6F4C5C6B5D6D3E2C7B6F5F3C3A5E7F7D7F8E8C8G8G5B4D8B8A3A4D2A6A7C2B3D1E1F1B1G6H6H4G4G3F2B2H3H2C1A1G2G1A2A8G7H8B7H7
EGPStockholm,2007.06.03,3/4-3,Ingelman-SundbergSimon,KashiwabaraTakuji,22-42,F5D6C4D3C5B4C3D2B6C6B5E6A3A5C2E2D1A6B3C1B1F6C7E3A4A2E7F4G4G5F7D7B7E8F8G6D8E1F1F2G1F3G3H4H3H2H7A8A7H6G8B8C8H8H5G7H1G2
EGPStockholm,2007.06.02,7,KortendijkAlbert,AspenrydHenry,46-18,C4E3F6E6F5C5C3B4F3D6E2C2E7F2D3F8D7F4G4E1G3D2E8C6B6C7D8A6G8H3F1H4D1G5H6H5H2C1B1F7B7B2A1A2B3A3A4B5A5C8A8H8A7G2B8G1H1G6
EGPStockholm,2007.06.03,8,SuekuniMakoto,TurunenDaniel,44-20,F5F6E6D6C5E3D3C4C3G5F3B5A6F2E2B4B3A4B6C6C7D7A3C8A5F4G3H4F1D2E1C1H3H2G4B2H6G6B7D1G2A2A1H1B1A8C2G1H7A7G7E7B8H8H5G8F8F7
EGPStockholm,2007.06.03,9,SuekuniMakoto,AspenrydHenry,44-20,F5D6C3D3C4F4F6G5E6F7D7C6C7C5E7E3G3F8B6B5E8A6B4A3G8D2H6H4E2C2G6D8C8G4F3F1H5H2H3H7E1D1F2G1B2B3C1B1A1A2H1G2A4B7A8A7B8A5
EGPStockholm,2007.06.03,10,StenbergVeronica,SuekuniMakoto,13-51,F5D6C3D3C4F4E3F3E6F6G4H3G3F2G6H4E7C5E2C6D7G5H6H5H2F7F1B4F8C7B3C8D8E8A4G8B5B6B7A8B8G7H8H7A5A6A7D1D2C1C2E1B1H1G1G2A1B2
EGPStockholm,2007.06.03,11,AnderssonGoran,SuekuniMakoto,21-43,D3C5D6E3F4C6F5C3C4B5E2F2C2F1B4B6E6A3C7D7D2B3C8E8A6E1C1F6F7E7A5F3G3A4F8A7D8G2A2A1H1H3B2B1G1D1H4H5H2G7G6G4G5H6G8H8H7B8
Uppsalaopen,2008.11.08,1,IsakssonJonas,AnderssonChristoph,16-48,F5F6E6D6E7G5G6F4C6F7H4E8C5D7D8C8F8G8G3H6C7B4B5A4C4B8A6C3B3A2D2D3E2C2C1B2A3A1B1D1E3B6E1F1F2G4A7F3H5H3H7H8G2A5B7A8G7H1
Uppsalaopen,2008.11.08,1,LjungqvistDaniel,AspenrydHenry,27-37,D3C5D6E3F4C6F5C3C4B5B4A5E6B6C7D7C8E8F2B3E7F3E2G5G6G4D2F6C2F8H4H3H5H6B7C1G3B1D1A8A1B2A2B8A3D8G7H2F7A4A6A7G2G1E1H8G8H7
Uppsalaopen,2008.11.08,2,AnderssonChristoph,LjungqvistDaniel,23-41,E6F4E3D6C5F3C4F6F5G4G5G3D3H6F2E2F1C2C7D1E1C3D2G6C1C6H3C8H4B5B4A4D7F7F8E8E7D8B8B2B6A6A1G2G7B3A3H2H7H8H5G8B7B1A5A8H1G1
Uppsalaopen,2008.11.08,2,AspenrydHenry,IsakssonJonas,37-27,D3C5F6F5E6E3F4F3E2D2G4G5H4H6G6H5H7E1C6C7C4F2B5B6C8A5C3D6D7G3B4E8D8F7F8E7G8B7C2B1H3B2B3A3F1G1D1C1A4A6B8G2H2A8A7H8H1G7
Uppsalaopen,2008.11.08,3,AspenrydHenry,AnderssonChristoph,35-29,D3C3C4C5B4D2C2E3C6B3E1A4D6B5A6A5E6E2B6A7A2B7C7C1F1F7F2F4F3C8D1A3A8G1B8D7B2G4D8E7G8E8F8F5F6B1G3G5H3G7H7H5H4H6G6H8G2A1
Uppsalaopen,2008.11.08,3,IsakssonJonas,LjungqvistDaniel,24-40,F5F6E6F4G5G6G4H6F3C5D6H3H5E3H7C7C6E7D7B6E8F8G8H4H2G3D8C8B8C4F2F7B3B4D2E2D1A2B5A5C3D3B2C1E1F1C2A3A1B7A8A7A6A4G1G2H1H8
Uppsalaopen,2008.11.08,4,AnderssonChristoph,IsakssonJonas,38-26,D3C5F6F5E6E3C3F3F4E7D7C4B4D2D6G4C2B6B5C6C7A4B3A5A3E8C8E2D1E1F1F2H4D8F8C1B8A2B1G6G5H5H3H2H7G3B2H6F7H8A7G8B7A6A1A8G1G2
Uppsalaopen,2008.11.08,4,AspenrydHenry,LjungqvistDaniel,13-51,D3C5E6F5D6E3F4F3E2E7C4C6D7F6F7C8B5D8G6G4H4G3E8F8C7B8F2H6G5B6H7H5H3A4A6B7G8H8G7H2G2G1A7A8F1A5B4C3B2B3A2A3E1A1B1C2C1D1
Uppsalaopen,2008.11.08,5,LjungqvistDaniel,AnderssonChristoph,56-8,E6F6F5F4E3C5G6F3G5G3D3E2C4C3B5B6B3A5C6B4A6D6A4A3G4A7D7H4F2F7D1H5C2D2C1C7F8D8E7E8C8E1B2F1G1B1A1A2A8G2B7B8H1G8H7H2H8G7
Uppsalaopen,2008.11.08,5,IsakssonJonas,AspenrydHenry,26-38,C4E3F4C5D6F3E6B4C3C6B3G4B6D2C2C7B5D3F5A4A3A5A6F7G8E7D1F6C8E1F1B1C1G1F8D7G7G6H6E8E2G5D8H8H7H5H3B8G2H4B7G3H1A7A1H2A8A2
Uppsalaopen,2008.11.08,6,LjungqvistDaniel,IsakssonJonas,37-27,D3C3C4C5D6F4B3C2F5C6B4A3F3A4E3B5D2E7B6D1E6C7A5D7E2F7F8E8F6F2A2G8C8A7D8B8B2G6G5H4H6G3H2H5H3B7A6A1A8G4G2G1H1G7H8H7F1E1
Uppsalaopen,2008.11.08,6,AnderssonChristoph,AspenrydHenry,24-40,D3C5D6E3F4C6F5C3C4B5B4A5E6B6C7D7A3F7A7F3F6E7C8A4A6D8G8G3B3G4G5H6B2F8E8A1G6H7H4H5H8G7C1B7G2A2F2B1E2D1A8B8D2C2G1F1E1H1
BritishNationals,2008.09.28,Final,HandelMichael,HandDavid,27-37,D3C5F6F5E6E3D6E7F7G6B5C6C4D7D8C8F8C7E8G8F2E2F1D2F3F4C3E1G5H6H4B4B6A5C1D1A7A4B7G2C2B3A6H5A2H3G3A3G4A1H1G7H2G1B2B8H8A8
BritishNationals,2008.09.28,9,HandelMichael,BarrassIain,34-30,E6F4C3C4D3D6E3C2B3D2C5F5F3D7F6G4F7B5B6E7C6F2C8B4G3H4D8C7A6A3G5A4A5E2A2B7B2E8F8A1A8H6H5G6E1D1F1G1H3H2G7B8A7H7G2H1B1C1
ChampionnatdeFrance,2008.09.21,F1,TastetMarc,ButinPierre,35-29,F5F6E6D6E7F7D7F8C5E3F3C4C6B5E8G5G4F4B3B4H5G6G3C8D8C7H6G7D2H4H3C1E2E1D1F2D3C3A4A6H8B6A5A3B7A7F1G1C2G2B2H7G8A1A2H2H1B1
ChampionnatdeFrance,2008.09.21,F2,ButinPierre,TastetMarc,25-39,D3C5F6F5E6E3C3F3C4B4B5C2A3B3D2E2F1D1G5A5F4A6F2G3H4G4H3B6E1G1B1C6D6A4B2D7C1A1A2F7G6E7C7C8B7B8F8H5D8H6G2G8H7E8A8A7H8H2
ChampionnatdeSuede,2008.09.07,F1,LjungqvistDaniel,AspenrydHenry,46-18,C4E3F6E6F5C5C3C6D3D2E2B3C1C2B4A3A5B5A6A4A2F1E1G5F4E7D6G6F3G4H4B2C7D7B1B6H5D8A1H3H2G3A7H6H7G7H8F7G8F8C8B7E8D1G2F2G1H1
ChampionnatdeSuede,2008.09.07,F2,AspenrydHenry,LjungqvistDaniel,45-19,F5F6E6D6E7F7D7F8E8C7G8E3C4C6G6H6D3F3F4C5D8G4E2G3G5H5B4B5F2A3H3B3H4C3H7G2A6A4C2C1B2G1E1D1D2B1B6B7C8F1A1A2A7G7H8A8A5B8
ChampionnatdeSuede,2008.09.07,F3,AspenrydHenry,LjungqvistDaniel,12-52,C4E3F6E6F5C5C3C6D3D2E7B5B4C2D6F4B3B6C7D7C8G5C1A5A3F8E8F7A7B1H5H6H7G6H4G4E1D1G3F3F2E2F1H3H2G1A4A6B7A8B8D8G2H1B2H8G8G7
ChampionnatdeSuede,2008.09.07,3/4,HermansenKim,EngTintin,7-57,C4E3F5E6F6C5F4G6F7D6E7F3G5G4B5D7C6C7D8F8H5C8B8C3D3H6C2H4E2B6G3A4A6F2H2H3H7D1F1D2C1B1B2B4B3A2A3A1G8H8G7H1G2G1E8A8A5E1
ChampionnatdeSuede,2008.09.07,SF1,HermansenKim,AspenrydHenry,37-27,F5D6C4D3C3F4C5B3C2B4E3E6C6F6A5B6B5A3G4G3G6G5E7A4D7F7A2H6H5F8A6H4F3E8A7F2C7E2F1E1D1D2D8C8G1B1H3G2H7B7H2G8H8H1G7C1B2A1
ChampionnatdeSuede,2008.09.07,SF1,LjungqvistDaniel,EngTintin,43-21,E6F4C3C4D3C2F3D6F5E3E2F1C5C6D2F2E1G4G5G3H3H4B4B3B5H6C1A6A5A3A7E7F6B6F7D1G2D7H5H2E8G7F8G8H1G1H7D8H8G6C8C7B8B2A1B1B7A8
ChampionnatdeSuede,2008.09.07,SF2,AspenrydHenry,HermansenKim,40-24,E6F6F5F4G5E7F7H6H4G6G4H5H7C5E8D6D7D8C8G8C6C7E3G3C3E2F3D3H3B3D1F1B8G2F2G1B6A6C2C1D2E1B5C4A4A5B4A3B2A2A1H2H1B1A7B7A8G7
ChampionnatdeSuede,2008.09.07,SF2,EngTintin,LjungqvistDaniel,19-45,E6F4C3C4D3D6F6C6F5G5G4F7H6G6E7F8D8D7C8E3F3H3G3E8G8H5B4A4H4H7C5B5B6H2C7F2A3A6E2E1A5A2B7C2D2C1F1D1B1A8A7B3A1B2G7B8G2H8
ChampionnatNorvegien,2008.09.06,Final,HauglandJanKristi,OdegardMartin,33-31,E6F6F5D6C3D3C4F3F4E3E2C5D2F2G4G6C7D7G5H5C6H4G3H3F1C1D1C2B3B4A3B5D8E7A6A5A4B2B6B1F8E8F7E1H7C8A1A2G1G2B8B7A8A7H1H2H6G8
ChampionnatNorvegien,2008.09.06,3,OdegardMartin,RaaHarald,42-22,F5D6C4F4C5F6G5D3E6G6F3D7C3E3G4F2C2C6D2B5E2D1C1E1E7B4B3A4F1F8B1F7A3A2B6H5C7H3A5A6B7D8B8G3G2C8A8A7A1B2H2H1G1H4E8H7H6G8
ChampionnatNorvegien,2008.09.06,4,KjellstadliJonas,OdegardMartin,18-46,C4C3D3C5D6F4F5E3G4F6E6C6E7G5G6F3B5H4D7F7H3H2E8H5D2E2B4C1E1F8G8H6C2A4A5A6B3F2B6A3G7B1F1G3B2A7B7A8C7A2B8A1H7H8G2H1G1D1
ChampionnatNorvegien,2008.09.06,5,OdegardMartin,HauglandJanKristi,33-31,C4E3F5E6F4C5D6C6D7F3D3C3E2F2D2E1F1G4C1G1G5G3H3C2B6H4H5F6G6D8B4C7B5F7E7B3F8E8A2G8B8H7H6G7H8C8B1A8B7A3A4A7A6A5B2A1D1G2
ChampionnatNorvegien,2008.09.06,6,BergRobert,OdegardMartin,26-38,C4C3D3E3C2B3D2E1D1C1F6B4B5C5F5F4G3D6F3A6C6B6D7E2A5F2A4A3F1E7C7C8F8D8E8E6B8G1B2G5H5G6F7H4H3G4G2B7A8A7A2H1H2H6G7G8H8H7
ChampionnatNorvegien,2008.09.06,7,HauglandJanKristi,BoeAlexander,49-15,E6F4E3D6C5F3C4C6F5G6D7E7C7E2F8C3D3B4B5B3C2A5F7D2D1E1B6C1F6A6A3A4A7D8A2C8E8B7G5H4G4H5A8B8F1G3B1F2G7H7H6B2A1G8G1G2H1H2
EGPGhent,2008.07.27,F1,BarreSebastien,BorassiMichele,24-40,E6F4D3C4F5D6C5C6D7C7B4C3B6F7F6F3D2D8B3E7B5A6E3F2G4A5E8F8C8G6A4B8A7G5H5H6H7H4H3B2G7A2G3E2E1D1A3A8B7C2A1H8G8H2G2H1G1F1
EGPGhent,2008.07.27,F2,BorassiMichele,BarreSebastien,23-41,C4E3F4C5D6F3E6C3D3E2B5B6B3A6D2F2F5C6E1F1B4A3G1G6G4D7E7G5F6G3H5D1C1C7C2H6H7F8E8D8H4H2G7G2C8F7G8A4H1H3A2A1A7H8A5B8B7A8
EGPGhent,2008.07.27,F3,BorassiMichele,BarreSebastien,54-10,C4E3F4C5D6F3E6C3D3E2B5B6B3A6D2F2F5C6E1D7B4F7E7F1C2A3C8G4G5C1H3D8E8G3D1F6H4H6A5G2A4F8G8G7H1H2H5G6H8H7G1B2A1B1A2A7B7B8
EGPGhent,2008.07.27,3/4-1,KashiwabaraTakuji,vandenBiggelaarNicky,31-33,D3C5F6F5E6E3D6F7G6E7F4C4C6C3D8C7D7F8B6B8B4B3B5G5G3H5F2A3D2A6A4G4A5F3E2C2C1B7H6H3C8E8A8A7G8B2H4H7G2H1H2G1H8F1E1G7A1D1
EGPGhent,2008.07.27,3/4-2,vandenBiggelaarNicky,KashiwabaraTakuji,46-18,E6F4E3D6C4C5D7C7C6B5B6F3F5G6A6D3C8B7G5H6C2D2C3B3B4A5G4H5H3G3H2D1E2F2G1F1H4F6F7A7E7H1G2B8A8D8E8F8H7G7E1H8A4A3A2B2G8A1
EGPGhent,2008.07.26,2,SchotteTom,deGraafJanC.,45-19,E6F4C3C4D3D6F6C6D7E7C5C8F5C7F7G4E8G6D8F8G3E3F3D2E2B6D1B4H4C2B5B3G5A6C1H5H6B2A1F2E1F1A4H3A5H7A7A3A2B1G1G2H1H2H8B7G7G8
EGPBarcelona,2008.07.06,F1,KashiwabaraTakuji,BorassiMichele,31-33,E6F4C3C4D3D6E3C2B3D2C5F5F3F6E1D1E2F1G4G3G5C6B6A4B5H4A3G6H3H5F2B4C1B1A5G1G2A7F7E7E8D7D8H1H2F8G8A6A8A2B2A1H7H6C7C8B8B7
EGPBarcelona,2008.07.06,F2,BorassiMichele,KashiwabaraTakuji,39-25,F5D6C5F4E3C6D3F6E6D7G4C4G5C3B4B3B5A5A4A3B6C7F7F3E7A6D8G3C8H4E2D2F2F1C1D1H5E1G1F8E8B8H3G8C2G6H6G2H1H2G7B2B7A8A7H8H7B1
EGPBarcelona,2008.07.06,3/4-1,MendozaMartin,BandresJorge,30-34,F5D6C6F4E6F6G5G6E7E8F7D7D8C8C7B5B6A6C5B8A4B4A3C4H6B3A5A2C3D2D3E2D1F3E3F2E1G3G4F1C2H4G1G2H5H3B7F8G7H8G8H7A8A7A1B1H1H2
EGPBarcelona,2008.07.06,SF2,BandresJorge,KashiwabaraTakuji,15-49,F5D6C5F4E3C6D3F6E6D7E7C7C4F8B6B5G3A6G5F7B4A3E8D8B7B3A5A4B8C3C8D2D1G4G6C2C1E2F1H4H3H5F2F3H6E1G7H8B2H7G2H1G8A7H2A8G1A1
EGPBarcelona,2008.07.06,SF,KashiwabaraTakuji,BandresJorge,58-6,D3C3C4C5D6F4F5E3G4E6F6D7C7F7C8G5F3G6E2D8H5B6H6H4H3E7F8B8E8G8G3E1C6B5A6A5A4B4A3B3A7G7F2F1G2D2A2B2H8H7B7H2A8A1B1C2C1D1
Kristianstadopen,2008.07.05,1,ManssonSandra,Ingelman-SundbergSimon,0-0,D3C5F6F5C6E3F4D6F3E2E6D7C7E7D2F2C3C1C4C2E1D1B1B6F1B3A4D8B4B5F7G6G5F8A5A6A7A2E8B2H6G7B8H7G4H5H8G8
Kristianstadopen,2008.07.05,1,AspenrydHenry,StenbergVeronica,34-30,D3C5D6E3F4C6F5C3C4B5B4B6E6F3A5G4D7A6A7A4A3B3H4F7E7G6F6D8C8G3E8F8G8H5E2G5H6B7F2H2A8C7H3B8H1H8D2G2G1C2A2C1D1E1F1B1A1B2
Kristianstadopen,2008.07.05,2,RagnarssonRobin,AspenrydHenry,18-46,E6F4E3D6C5F3C4B5B6C3C6B4D3D2A5F7F5G4C2E7C7D7F6C8A3G5E1A6B3D1C1A4E8A2D8F8G6H5E2F2F1G3H3H4B7H2H7H6H1B2G7H8A7A8A1B8G1G2
Kristianstadopen,2008.07.05,3,AspenrydHenry,Ingelman-SundbergSimon,31-33,D3C5F6F5E6E3F4F3E2D2G4G5H4H6G6H5H7D7D6E1G3F2F1F7E7E8C8C6G8G1B5F8D8H2C4C7C1D1C2B4A3B6H1H3C3A5A4B7G2A2A8B8A6H8A1A7G7B2
Kristianstadopen,2008.07.05,4,OdsellCaroline,AspenrydHenry,16-48,F5D6C5F4E3C6D3E2F3C3C4B5B4F2D2G6A6A3A5B3E1G4F1C1B6G3D1G1C2B1C7C8F6F7E6D7E7A4H4H3H2G5A2F8H7H5H6G7E8B7D8B2G2H1A7A8B8A1
Kristianstadopen,2008.07.05,5,ManssonSandra,AspenrydHenry,12-52,D3C5D6E3F5F4E2D2F3E6C4F2C1G5E7C3F6G4E1F1C2D1G3G6B5H4B4A4A3A6B3B1B6A2H5A5H6H7H2C7B8E8D8F7D7C8F8G7B7C6A7A8H8H3G2G1B2G8
EGPGdansk,2008.06.08,F1,PeczkowskiPawel,KazimierczukMariusz,27-37,D3C5E6F5F6E3D6F7G6E7C6G5F4D7C4F3D8C8F8C7E8G8E2H6G3F2G4H3H5H4F1B6A7A5G7B5B4A3A4B3C2B2B7H7C3B1A6A8B8H8D2C1D1E1A1A2G1G2
EGPGdansk,2008.06.08,F2,KazimierczukMariusz,PeczkowskiPawel,29-35,E6F4E3D6C5F3C4F6F5G4C7D3D2C2E7C3E2E1D1C1F2F1H4H3H2E8G3G5F7F8G2D7C6B8B3A4G7G6H7B6A3B5A6B4A5B7A8A7C8D8B2H1G1H5G8B1A1A2
EGPGdansk,2008.06.08,F3,PeczkowskiPawel,KazimierczukMariusz,24-40,D3C5F6F5E6E3C3F3C4B4B3D6C7E7D7C6F4D8A4G4G5G3H4H3G6F7E2H5H6H7F2D2E8F8C8B8B6E1F1A6C2D1B5B7G7G1H2H1G2A5A3C1A8A7B1A1G8A2
EGPGdansk,2008.06.08,3/4-1,CupialMilosz,LillaKamil,46-17,C4E3F6B4F3F4E2F2C3C2B3A3G3G5D3H3D2D1C1C5E1E7G4E6F1G2F5H4D6G6C6C7A5B6H1B2H6H5D7A4B5A6F8C8D8H7H2G1H8E8B8B7A8A7A2A1B1F7
EGPGdansk,2008.06.08,3/4-2,LillaKamil,CupialMilosz,33-31,D3C5E6F5C4E3F4F3C6C3D2B4B3D6D7C2F6A3B6B5C1E7E2F1A5A4A2A7G6G4D8F8E8C8G3C7H4F7G5H6B7D1B1F2A6A8H7H5G7H8B2H3G8A1B8H2H1G1
EGPGdansk,2008.06.08,3/4-3,LillaKamil,CupialMilosz,20-44,D3C5F6F5E6E3C3D2C4B5B4D6F3F4E2D7F7C2C7C6E7F1G3G4B3A5A6B6A3A4G6F2H3C8B2G5C1A1A2B1H4D8D1E1B7H5G2H6H7E8A7H1F8A8B8G1G7H2
EGPGdansk,2008.06.07,1,SzalankiewiczMarek,SzyszkoKrzysztof,39-25,E6F6F5F4E3D6C4F3G3D3C3E2G4C5D2B4B5B6A4A3A2B3C2H5F1F2H4G5A5H3A6E1D1B1C1G1H6H7G6F7B7B2C7C6A1A8H1A7B8D7C8E7H2G2G7D8H8G8
EGPGdansk,2008.06.07,1,AndrianiBintsa,PeczkowskiPawel,28-36,F5D6C5F4E3C6D3F6E6D7E7C7C4F3D8C8G4G3F7F8B8H5H4H3G5B3C3B5B4A4B6A7F2E1F1G1D2E2C2H6A3A2A6A5B2G6D1A1H1E8G8G7H2G2H8H7B1C1
EGPGdansk,2008.06.07,3,KazimierczukMariusz,CupialMilosz,29-35,C4E3F4C5D6F3E6C3D3E2B6F5G5G6B4F6G4D7C8B3C6F7E7A5D2H4B5F2E1C1D1F1A4A3C2B1H3H6H5G3H7A6H2A7G2E8F8D8G7H1G1H8A1G8A2B2A8B8
EGPStockholm,2008.05.25,F1,NowakDominik,LeaderImre,27-37,C4E3F5E6F6C5F4G5G6F7E2F2D6F3G3H3H5D2B5C6E8B3D3E7C1C7D8H6E1D1C2H4F1B6A4G4C3A5A6B4A3F8G8B2H2H1A1B1A2G2D7B7H7G1A8A7C8H8
EGPStockholm,2008.05.25,F2,LeaderImre,NowakDominik,47-17,C4C3D3E3D2B4B3D1F5A3F4B5F2F3E2G5G4E1C1B1C2D6C6D7C5E6E7C7F6B6G6H5C8F1H6E8D8F8G8H4G3H2H3H7G2B8A8B7F7H1G1B2A7G7A1A6A5A4
EGPStockholm,2008.05.25,3/4-1,KashiwabaraTakuji,LazardEmmanuel,20-44,E6F4C3C4D3D6E3C2B3F5F3D2E2B4C5F1A3C6C7G4B5D7H4F6G3B6E8A6A5D8A4A2D1F8G5G6F7H5E7A7B2E1C1F2G2G8H6A1B1H1G1H2H3H7G7H8B7A8
EGPStockholm,2008.05.25,3/4-2,LazardEmmanuel,KashiwabaraTakuji,33-31,E6F4D3C4C3D6E3C2B3D2F3B4F5E2E1F1C1F2D1B1C5B6C6D7C7B5A4F7F6E7C8A5F8A3E8G3G5G4H4H6G6D8A6A7B7A8B8H7G7H8G8H5H3H2G1H1G2A2
EGPStockholm,2008.05.25,1,AnderssonGoran,NicoletStephane,51-13,E6F6F5F4E3C5C6D6E7D7C3B5G3E2F7C4C8E8D3F3B4A3F1D1D2F2E1G4C1G5A5A4A2B3H4G6A6B6H5H6A7H2C7H3D8B7F8G2B8G7G8C2H1G1A8B1A1H7
EGPStockholm,2008.05.24,1,AspenrydHenry,CupialMilosz,25-39,D3C5F6F5E6E3C3D2C6F4C4B3G5D6F3G4E2G3D1B4C7C2H3H4F2H2A5F1C1A4E1B1B6A6B5H5A3A2G6C8H6H7G2A7B7D7D8F7F8A8B8E7E8G7H8G8H1B2
EGPStockholm,2008.05.24,1,LazardEmmanuel,OdsellCaroline,35-29,F5D6C3D3C4F4C5B4B3E6C6B5E3F2F3C2A4E2D2A6E1F1D1A2D7C1F6C7B8D8B7B6C8E8E7G3G4A5A3B2H3A8A7F8F7G8G7G5G6H8A1H7H6H5H4G2B1H2
EGPStockholm,2008.05.24,2,SzyszkoLukasz,LazardEmmanuel,27-37,E6F4C3C4D3D6E3C2B3C5B4F2D2F5D1B5F3E2G4G6E1F1A6E7G1A4F6A3B6C6H6H4H3H5G5G3G2H1H2B1A5C1A2F7G7G8H8H7D8E8C7D7C8B8F8B7A8A7
EGPStockholm,2008.05.24,3,LazardEmmanuel,EngTintin,42-22,F5D6C5F4E3C6D3G5F6F3G6C3F2C4G4H4H5H6G3H3D2E6E7F1C2F7B3E2F8D8B5B4E1A4E8C1D1A3C8D7G2G1H1H2B6A7B1B2A1A2A5G8H8A6A8C7B7B8
EGPStockholm,2008.05.24,4,AnderssonGoran,LazardEmmanuel,20-44,E6F4E3D6C5F3C4F6F5G4D7D3E7C3G6B4G5B6B5C6H3C7A6H6A3E8H4F7C8A5G3H7D2C2G8F2E1D1C1B3E2A7A2F8D8G7H5H2G2H1G1F1A4A1B7A8H8B8
EGPStockholm,2008.05.24,5,LazardEmmanuel,LeaderImre,17-47,F5D6C3D3C4F4C5B4B3C2D7C6E6B5A5B6A6G6G5H6A4A3G3A7F3C7E2E8C8E7C1F6F7F8H4G8B7A8E3H5G4G7H8D8B8H7B2F2E1A2G2H1G1F1D1D2A1B1
EGPStockholm,2008.05.24,6,PihlajapuroLari,LazardEmmanuel,29-35,F5D6C3D3C4F4F6F3G4G5E3E2F2H3H5D2H4G3D1B5H2F7C1C2B3F1G6A3E8H7E6E7D8G7C7F8D7E1G1H6H8G8B4C6A6C5A5B6A7B2G2H1A2B7A4A1A8B1
EGPStockholm,2008.05.25,7,KraczykRoman,AspenrydHenry,28-36,F5D6C4D3C3F4C5B3C2B4E3E6C6F6A5B6B5A3C7A7D7E7G3D2F8F2G5E8D8C8B8F3F1F7A4A6B2D1E1E2B1H5C1G4H4G6G8H3H7G2H1G1H2H6B7H8G7A8
EGPStockholm,2008.05.24,7,LazardEmmanuel,PihlajapuroKatie,42-22,F5D6C3D3C4F4C5B4B3C6C2D2E3F3G4F2E6C1A4A3A2G6G3E2A5G5F6H3H4D7H6F7F1D1E1G1B5B6H5G2F8H7D8C7E7E8H1H2H8A6A7B2C8B8A8B7G8G7
EGPStockholm,2008.05.25,8,AspenrydHenry,TurunenDaniel,32-32,D3C3C4E3D2C5B4E2F3D1F4B5C2F2C1A4E1F1E6F6B3B1A6B6F5A3B2G3G6C6H3G4H4G5C7D7H5C8F7D6A5E7E8D8B8F8B7A1G8A8A7H8G7H7H6H2G1G2
EGPStockholm,2008.05.25,8,NowakDominik,LazardEmmanuel,34-30,E6F4D3C4C3D6E3C2B3C5B4F2F3D2E2G3D1C6G5E1G4A4F5F1D7H4A5A6B6D8C8B8C7C1B2A7H5H6G6E7H3H2F6H7F7B7A8E8B5A1G7H8A3G2F8G8H1G1
EGPStockholm,2008.05.25,9,LazardEmmanuel,KashiwabaraTakuji,29-35,F5D6C5F4E3C6D3F6E6D7G4C4G5C3F7D2E7F2E2F3C8G3F1H4C1F8D8H5C7G2B4A4B5E8G8G6B6A7H6G7H8H7H1G1H3B3E1D1A5A6A3A2C2B2B7H2A1A8
EGPStockholm,2008.05.25,9,LonnqvistChrister,AspenrydHenry,14-50,E6F4E3D6C4C5G4D3C2C3D7F2F3C1F1F5D2C6G6D1B4E2F6B3E1B5B1E8C8E7A3F7D8F8G8C7B8G5H6H5A5H3G3H7A6A4B6B2G7H8A2A1A7B7A8H4G2G1
EGPStockholm,2008.05.25,10,AspenrydHenry,vandenBiggelaarNicky,46-18,D3C3C4E3D2C5B4E2F3D1F4F5B6A4C6C2D6G3F2E1G6G5H5G4H4F6E6H6H7B5F1G1H3A7B3C7D7E8A3A2A6A5B2F7E7B7A8C1B8C8F8G8D8G7A1G2B1H8
EGPStockholm,2008.05.25,10,HubbardGeoff,LazardEmmanuel,21-43,C4E3F6E6F5C5C3C6D3D2E2B3C1C2B4A3A5B5A6A4A2F4G5G6D6F3F7C7G3D1E1B6E7G4H3H4B1D7A7D8F8E8B7G2H1H2H5F2C8A8B8G8H6G7H7H8G1F1
EGPStockholm,2008.05.25,11,LazardEmmanuel,AspenrydHenry,35-29,F5D6C3D3C4F4C5B3C2B4C6E3D2F6E6B5G4E2B6G5H5F7F3G6E7H6H4H3G3C7A4D8F1E1D1D7F2A6A5H2A7G2H1A3A2G1F8E8B2G8B8C1C8G7B1A8B7A1
EGPCopenhagen,2008.05.04,F1,CupialMilosz,KashiwabaraTakuji,25-38,D3C5D6E3F4C6F5C3C4B5E2E6D2F6B3G5B4G3A6F3B6A5A4F2G4E1D1H3C7C1F1C2B1C8D7D8E7E8F7G6H4H5H7H2G2A2A3H1A1G1G8F8G7B7H6H8A7B8
EGPCopenhagen,2008.05.04,F2,KashiwabaraTakuji,CupialMilosz,42-22,F5D6C3D3C4F4C5B3C2E3D2C6B4A4B5C1A3A6E1D1B1E2G4F6E6G5D7C7F1F3F2F7E7G3G6E8D8C8F8G8G7H6H3H2H1B2A5G1A1A2A7G2B6B7H8H7B8A8
EGPCopenhagen,2008.05.04,3/4,KortendijkAlbert,KazimierczukMariusz,37-27,C4E3F6E6F5C5C3B3F4F3D3C2C6C7D6E2B5B6D7D8B4A3A4A5F2G5G4H4D2C1C8B8D1G3H6H5G6E8H3E1A7F7F1E7B7H7H8A8A6G1G2H1H2B1A1F8B2A2
EGPBerlin,2008.03.16,4,PeczkowskiPawel,BergMatthias,33-31,D3C5D6E3F4C6F5F3C4C3B5G4B6G6B3A3D2F6C2B4A4A5F2E7E6F1G5H5H3D7G3F7A6A7H7A2F8H6H4E8C8E2D8G7H8G8B7C7A8B8A1C1B1B2D1H2H1E1
TournoideNoel,2009.12.12,1,BismuthFrederic,BenoitSerge,41-23,f5d6c3d3c4f3f4b5b4g5e3g3g4h3a6e2d2d1c5b3c2a4a5c6a3f2c1b1b6b2e1f1c7e6f7e7f8d7e8b8d8b7h5c8a1a2h4f6g7h6g6h7a8a7g1g2h1h2
TournoideNoel,2009.12.12,2,ButinPierre,NicoletStephane,47-17,f5f6e6f4e3c5c4d3f3e2g4g5f2h4c2c3d2g3h6c6e7d7g6c1h5h3c7f7e8f8g8h7g2c8d6d8b8b7a8b6a5a6a7b4a3a4b5b3a2d1b2e1g1a1b1f1h1h2
TournoideNoel,2009.12.12,3,BismuthFrederic,ButinPierre,18-46,f5d6c3d3c4f4f3e3c6c5d2e2e6b3c2b4f6e1c1f2d1b1b5b6a5c7f1g1a2a6a7d7c8e8e7a4a3g6g5h6f7g4b8g8d8g7g3a8b7a1f8b2h3h2h5h4h8h7
TournoideNoel,2009.12.12,4,DelaunayArnaud,ButinPierre,41-22,c4e3f6e6f5c5d3g6d7f4f3d6e7c3c6f7g5d8e8c8b8f8g8c7g4h5h4h3h7d2g3g2b5h2f2f1b4e2b6a4a3a2b3c2c1b2d1a7a5a6e1b1a1h6h1g1a8b7
TournoideNoel,2009.12.12,5,NicoletStephane,BismuthFrederic,39-25,f5f6e6f4g5e7f7g6h5c5g4f8e3h6h7f3d3d6e2h3c4b3g3g2c7f2c3d7d2h4b4a4a3a2b5a5b6h8c6a6e8d8h1b2c2e1g1c1f1d1b1h2a1a7b7a8b8c8
Worldchampionship,2009.11.07,F1,BergMatthias,TakanashiYusuke,23-41,d3c5f6f5e6e3c3f3c4b4b5c2d2d6c7c6d7b6a3a4b3c1a5f7f4e7g5d8c8g6g4b8e1d1b1h4g3e2f1f2g1b7e8f8g7a6h7g2h3h5h6h1h2h8a8g8a7a1
Worldchampionship,2009.11.07,F2,TakanashiYusuke,BergMatthias,42-22,c4e3f6e6f5c5f4g6f7g5d6d7e7c6g4h3e2b3h4h5c8e8b5b4d3f8h6b6c7h7d8f3a3a4c3e1f2g3a7c2d2b2a5b8a1a2d1b1b7c1g2h2g1f1h1a6a8h8
Worldchampionship,2009.11.07,3/4,TakizawaMasaki,SuekuniMakoto,31-33,c4e3f5b4f3f4e2e6g4f6d6g5d7e7c6h3c5d3b3c3c2c8d2g3h4h5f7c7f8e8g6b6a4b5d8g8a5h6a6f2g1b7g7d1f1c1g2a7a8b8e1h1h2b2a1b1h8h7
Worldchampionship,2009.11.07,SF1,BergMatthias,SuekuniMakoto,39-25,e6f4c3d6f6c4d3e7f5g6g4e3c7e2c5d7c2g3c6h4h3d2h5b6d1b5g5f2e8b3d8c8h6f3b8b1a6e1c1b2a5b4a2f7a1f8g8b7g7a3a4h8a8a7h7h2f1g1
Worldchampionship,2009.11.07,SF1,TakizawaMasaki,TakanashiYusuke,25-39,c4e3f6e6f5c5f4g6f7d6e7f3g5h6b6b5c6f8g4h5h3e8d7c7b8c3d3b3c8b4a5e2a3h4h7d8g8a4e1f2a6d2g2h1c2d1g1b2f1h2b7h8g3a8a7g7b1a1
Worldchampionship,2009.11.07,SF2,SuekuniMakoto,BergMatthias,50-14,c4e3f5e6f6c5c3b4f3d6e2e1d7e7d8f8f7g3b3c6a4g5g4f4g6h6b5e8h5c8d3b6f2h3h4d2c1d1f1c2a7a3a2b2g7h2h1h7h8g8c7a6b8a8b7g1g2b1
Worldchampionship,2009.11.07,SF2,TakanashiYusuke,TakizawaMasaki,43-21,c4c3d3e3c2d6e2d2f3f4e6f2d1b3b4f5g6e7g5g3c5f6e1c1b1c6a3b6g4h4h3h2f7a4h5h6a5f1g1b2b5f8e8d8d7c7a6b7a7g2g8h8h7g7h1a8b8c8
Worldchampionship,2009.11.07,SF3,SuekuniMakoto,BergMatthias,31-33,c4e3f6e6f5c5c3b4f3d6e2g5f4g4e7d3c7g3d2b3b6b5h3g6f2d7c2f8h5h4c8h6h7g2a3g1a4d8c6d1e8b8c1b1h1h2e1f1a1h8f7g8g7b7b2a2a7a8
Worldchampionship,2009.11.07,F-women,StenbergVeronica,UrashimaMei,7-57,c4c3d3e3d2b4b3c5f3c2a5d1f4b5f6f5e6d6e2a3e1a4a2f1f2e7d7c1a6c6d8f8g4c7e8c8b6g1b7a8a7b8b1a1g2h1g3h2g5b2h3h4h6h5f7g8g7h7
Worldchampionship,2009.11.06,PlayOff,BergMatthias,BarreSebastien,45-18,e6f6f5d6e7f7c7c6d7f8e8c8g8f3c5b6e3g4b4f4d3e2e1b5c4d8b8a3g3c3a4a5c2f2h5h4h3g5f1b2g6h6h7b3b7c1a6g1g2d1d2g7h2a7a8b1a1a2
Worldchampionship,2009.11.05,1,PeczkowskiPawel,CupialMilosz,31-33,f5d6c3d3c4f4c5b3c2e3d2c6b4a4b5b6d7e7a3e2c7c1d1e1g4c8f1g1f2f6e6f7e8f8a5g3f3d8a6h4g5g6h6b1b2g2h1h5g8h8h7g7a1a2b7b8a7a8
Worldchampionship,2009.11.05,1,FangRandy,DiMatteiAlessandr,41-23,e6f6f5f4g5e7f7h5e3d3g3g4f3g6c4f2h3f8c3d7e2d6f1e1c7c6h6h7c5b6d1c8d2b3a3b2b4c1b5c2a1g1a7a6a5a4a2h2g7b1h1h8g2h4b7a8d8e8
Worldchampionship,2009.11.05,1,TakizawaMasaki,SyachinAlexander,47-16,f5f4e3f2e2f6d3c4e6c5d6c3g3g4f3h4f1c2g5e7d2c6b3e1d1g2b4a4h5h6g6a3h1g1h2h3f7b1h7g8b2c1d8f8a1a2a5b5a6b6a7b7b8a8c8e8c7g7
Worldchampionship,2009.11.05,1,HelmesSido,TakanashiYusuke,29-35,c4e3f6e6f5c5c3c6d3d2f3b3b4c2b6a4b5a6d6e7a3a5a7f4f2f7g4e2g5g6d7c7h6g3f1h3h5e1d1b1g1b2a1c1a2h1h4h2g2g7c8h7g8e8h8f8d8b8
Worldchampionship,2009.11.05,1,SuekuniMakoto,TastetMarc,35-29,c4e3f6e6f5c5f4g6f7d6e7f3c7d3g5h6c2c6d7c8g4h5h3f8b5a5a6a7b6d2f2c3d1h4g3a4e8d8h7e2b3f1b4e1b7a8g7h8c1g2g1h2b8a3g8b1h1a2
Worldchampionship,2009.11.05,2,AubroeckPatrick,BarreSebastien,26-38,f5f6e6f4e3c5g5d6g6h5e7d7f7f3d3h6c8e8g8c6c7e2g3c4c2f2e1d2g4h4h3f8d8h2b4b3c3b5b6c1a6a5a2a3a4g1d1f1g7b7b2a7a8b8g2h1h8h7
Worldchampionship,2009.11.05,2,TakanashiYusuke,HandelMichael,43-21,f5d6c3d3c4f4f6f3e6e7d7g6g5f7e2c8e3h5g3c6c7c5e8d8b8b3b4c2g4d2f2a3d1c1h6h4h3g7b1f1b5a5g2b6b7h2h1g1e1a8f8h8g8h7a7a6a2b2
Worldchampionship,2009.11.05,2,vandenBiggelaarNicky,PeperkampMarcel,36-27,c4c3d3c5b4d2c2f4c6b5d6b3a6e6f3c1a4f5f7e7f8d7e8a3e3f6e2g3d1e1b6c8c7d8b8a5a2b7h2h3h4g4b2a1b1a7g5g6h7h6h5g8h8g7g2f2f1g1
Worldchampionship,2009.11.05,2,MarconiFrancesco,HongthongAnon,13-51,c4c3d3c5b3f3b4e3f4c2b5d2e2g3g5f5d6c6c1a6d1a4e6f2a3a5g1a2b6h6h3e7g6d7c7f7h5f6g4c8e8d8f8g8b7e1f1h4h7b2b1a1g7h8h2g2h1a8
Worldchampionship,2009.11.05,2,BorassiMichele,FangRandy,37-27,d3c3c4c5b3f4b5b4a5a6c6a4a3a2e3d6f5c2f6b6d7d2f2e2f3g3e1g4h5h4g5d1c1h6h3e6h7c8b1g1b7c7f7e7e8g6d8f8f1a1a7h2h1g2b2a8b8g7
Worldchampionship,2009.11.05,3,TakizawaMasaki,BorassiMichele,38-26,c4e3f6e6f5c5c3g5c6d3d6c7e7b4b3b5a5a4a3b6c8f8e8f7f4f3g6d7h4c2d8b8a6h6c1b2d2b1e2g8a1h5g3d1g4a2e1g7b7f1f2h2h8h7h3g2g1a8
Worldchampionship,2009.11.05,3,PihlajapuroKatie,HandDavid,34-30,e6f4d3c4e3d6c5c6b3f3f5b4d7f7e7e8g5f8c7c3d8c8b6a3a4g4g6f6g3a6b7a5b5a8g7h8d2e2c2e1f1f2d1a7b8c1b1b2g1h5h6h7g8h4h3h2a1a2
Worldchampionship,2009.11.05,3,UrashimaMei,CupialMilosz,18-46,c4e3f5e6f6c5c3b4d6c6b6c7b5d7d3f7e7f8a5g6c8d8e8b8g5h4h6g4f4h5h3g3d2f3e2e1h7c1f1f2g1h1d1g2g8h8h2g7b7a7a6a4a3a8b3a2b2b1
Worldchampionship,2009.11.05,3,HongthongAnon,SuekuniMakoto,30-34,c4e3f4c5d6f3e6b4c3c6b3f6b6d3b5a5a6a7d7a4f7f5g5h5e2d2c7a3b2e7g6c2f8d1g3g4h3h4h6b7e1f1a8a1f2g1a2g2h1h2c1e8d8g8g7b1h8c8
Worldchampionship,2009.11.05,3,NuprasertSiwasan,TakanashiYusuke,30-34,d3c5d6e3f4c6f5c3c4b5e2e6d2f6b3g5b4g3a6f3b6c2f7e7c7c8d7d8g6g8h4h5h3d1e1f1g4c1f2g7h8g1f8e8h7h6b1a1g2b7a7b2b8a8a2a3a4a5
Worldchampionship,2009.11.05,4,DoudaTomáš,NuprasertSiwasan,54-10,e6f6f5f4e3c5c4d3c3d2e2d7g3d6b6b4c6b3b5c7g5a4a5f1c1e1d1b1c2a6f2g6f3g1e7h3g4f8h6g2a2a3a7b2a1h4f7g7c8b8h8h7h1e8a8h2h5b7
Worldchampionship,2009.11.05,4,BorassiMichele,FuJacky,20-44,d3c5d6e3f4c6f5c3c4b5e2f2c2f1b4b6e6a3c7d7c8f7e7b3a6c1a5f3a4f8e8g4g6g5d2f6h5d8g8a7h4b7g3b2b1e1d1g2g1h7g7h1h2a1a8b8a2h8
Worldchampionship,2009.11.05,4,TakanashiYusuke,BarreSebastien,41-23,f5f6e6d6f7f4c5c4d7c6c7e7b6c8e8a6b5d8b3c3b4a3c2d3e3f3g3g4e2g6d2f1e1f2h6h3a5a4b8g8g5c1b7g7g1a8f8h8a7d1b1b2g2h1h7h5h2a1
Worldchampionship,2009.11.05,4,SokankateDuangkamo,TakizawaMasaki,32-32,d3c3c4e3c2d6e2d2e1f1f3d1c1b1c5f4e6b3f6b4f5c6c7c8b6a5a6d7a4a3b5a7e8g3g4h4g2g5h5h6g6f2b2h7h3h2e7d8f7f8b7a8b8h1g1a1a2g7
Worldchampionship,2009.11.05,4,vandenBiggelaarNicky,PihlajapuroKatie,27-37,f5d6c3d3c4f4f6g5e3f3g6e2h5c5g4g3f2d2h2b5d1f1c1c2b1h4h3h7f7g7e7g1e6e8b4a5b3a2a4a3b2f8d7d8c6c7b8b6h8h6g8h1c8a1e1g2a7b7
Worldchampionship,2009.11.05,4,SuekuniMakoto,CupialMilosz,27-37,c4e3f6e6f5c5f4g6f7d6e7f3c7d3g5c6d7c8c2h6g4d8f8g3e2f2b6e1b4d2h4e8c3g8f1b5a5b3b7a3c1g1a4g7a2h5g2d1h1b2b8a8h7h8a1h3h2a7
Worldchampionship,2009.11.05,5,HongthongAnon,HandDavid,37-27,f5d6c4d3c3f4f6g5e6c5f3b5c7e3g4g6h5d7e2b3h6f1d1f2d2g3c8e7d8f8e8b8c6f7h2c2g2b6g7h8c1e1b4a3a7b1g8h4h3b7a4h7a8a5a6h1a2b2
Worldchampionship,2009.11.05,5,CupialMilosz,PihlajapuroKatie,24-40,d3c5d6e3f4c6f5c3c4b5e2f2c2f1d2e1d1c1b4b6f3b3c7e7e6g3f8c8a4a3a2g4g5h6h4g6a5h5h7d7f6g7a6d8g8h8f7e8g2g1b2h3h1h2b8a8b1a1
Worldchampionship,2009.11.05,5,FuJacky,TakanashiYusuke,18-46,c4e3f5e6d3c5d6c6f3c3b4b3d2c2f6f4b5a5a4a3e7b6g4e1d7e2b2f2c7g3h2c8c1d1b1d8a6f8e8a7b7h5g5a8b8h3h4h1g2g1f1a1a2h6g6h7g7g8
Worldchampionship,2009.11.05,5,UrashimaMei,SokankateDuangkamo,26-38,f5f6e6f4c3d6f3c4c5b4a5a3c6b5a6b6g4b3d3a4g5a7e3h5e7d8h6h7g6c2d7f7e8f8c7h4g3d2d1b8h3h2e2c8b1g2b2f2g7h8b7a8g8a1f1g1h1e1
Worldchampionship,2009.11.05,5,TakizawaMasaki,DoudaTomáš,55-9,c4e3f6e6f5c5c3g5c6d3d6b4b3b5a5a4a3b6a6c2c1f7f4f3e7e8d2d7f2e2f1b2g3h3g4d1e1a2h4h5c7a7d8c8h6h7b7g2h1h2g1b8g6g7h8f8g8a8
Worldchampionship,2009.11.05,6,PihlajapuroKatie,TakanashiYusuke,23-41,d3c5e6f5d6e3f4f3g6c6c4g5e2c7d7f6e7h6b4b5a6f8b6d8h5h4c8e1e8b8g7f7g3g4h3f2h7b7h2c2d2c1f1h8g8h1d1c3a8a4a5b3a3a7b2g1g2b1
Worldchampionship,2009.11.05,6,SokankateDuangkamo,CupialMilosz,17-47,e6f4c3c4d3d6f5c2b5c5c6e3d2f7b6f3e2a5a4a3b3e7b4d7a6a7g5g4g6f6c1h4c7d8h6g3f8f2h3h5e8c8b8a2b2a1f1b1d1e1g1h1g8h2b7g2g7a8
Worldchampionship,2009.11.05,6,FeldborgKarsten,TakizawaMasaki,30-34,f5d6c3d3c4f4f6b4f3e6e3f2d2g5g6g4h4h5h6g3h3c1a4c5e2b3d1e1a3c2f1f7f8g1d7d8c7b6c8b8c6e7b5a5b2b7a8h7h8e8g8g7b1g2h2a1a2a7
Worldchampionship,2009.11.05,7,NowakDominik,DiMatteiAlessandr,33-31,f5f6e6f4c3d7f3d6g5e3g4c4d3g3h3f2e2c5f7c2d2g6e7h4h5f1d1c1c8e8c6e1f8d8c7h7h6h2b5b4b2b3b6a4a5g2a2a3h1g1h8a1b7a8b8g7g8a6
Worldchampionship,2009.11.05,7,CupialMilosz,vandenBiggelaarNicky,38-26,e6f4e3d6c5f3c4e7f5f6c7e2f8b3b4d7g4c3g5g6d3e8c8d8c6f7b5h4c2d2g3a6a5a4c1e1h5h6d1f2f1g2b6a7h1h3a2b7a8a3b8a1b2g8h8b1h2g1
Worldchampionship,2009.11.05,7,SokankateDuangkamo,SuekuniMakoto,12-52,c4e3f6e6f5c5d3g6d7f4g5e7f3h4c6g3g4h3d6c8f8d8f7c7h5h6e8g8g7f2f1e2g2d2c3b4e1d1b6c2b5b3a3h1h2g1b2b7b8a8a7c1b1a1a2a4a5a6
Worldchampionship,2009.11.05,7,TakanashiYusuke,TakizawaMasaki,27-37,c4c3d3e3c2d6e2d2f3f4e6f2d1b3f1e1g4b4c1g3b5b2g5c5b6f5c6f7e7f6g6h4f8a6a1b1a5a4a3a2a7e8d8h5h6h7h2g8h8h3g7h1g2d7c8g1c7b8
Worldchampionship,2009.11.05,7,DeWaelJeroen,NuprasertSiwasan,30-34,c4c3d3c5f6e2c6e3b4b5b3d6c7a4e6f4d2f5c2e7a6a5d7b6a3d1d8f8g5e8c8b8f7g4g6f3h3c1f1e1b1g8f2g2g3h6h7h8g7g1h1h2h4a2a7a8b2a1
Worldchampionship,2009.11.05,7,HongthongAnon,PihlajapuroKatie,32-32,f5d6c4d3c3f4f6f3e6e7c6c7d7c5e3e2g4h3d2f7g3f2f1h4g5b4g6h6h5d8g1c2g2d1f8e1g7h8h7h1c1b1b5a4b6g8e8c8a5b3b7a7a3a6b2a1a2h2
Worldchampionship,2009.11.06,8,NicoletStephane,FeldborgKarsten,23-41,f5d6c5f4e3c6d3f6e6d7g4c4g5c3b4e2f3c2b5g6e7h4g3f2h3d2h5b6h6c7d8a6a4f8c8f7a5a3e1g1b1a7f1d1e8c1h1g8b7g2b3h2h8a2b2a1g7b8
Worldchampionship,2009.11.06,8,NuprasertSiwasan,vandenBiggelaarNicky,28-36,e6f4e3d6c5f3c4e7f5f6c7e2f8b3b4d7g4d3d2f2c3g5e1a4b5c6a6e8a5b6d8a7h6f1g1h5g6f7h3h4c2c8b8b1c1g2g3h1h2d1g7g8h8h7a2b2a1a3
Worldchampionship,2009.11.06,9,SuekuniMakoto,TakanashiYusuke,33-31,c4e3f6e6f5c5c3c6d3d2f3b3c1c2e7e1d6e2b5d7b4a4c8a5f1g1b6f2a6g4h3h5b1f4g5d8h4g3h6f8b2a3h2c7d1a1b7g7g6h7h8a8f7g2e8g8h1b8
Worldchampionship,2009.11.06,9,DeWaelJeroen,PeczkowskiPawel,17-47,c4e3f4c5d6f3e2d3c3e6f2b4d2f1d1c6a5a3f6c2d7d8b5a4a2b6f7e7f5g8b7c7e8f8c8b3c1a8b8e1g1a7a6a1b2b1h8g7h7h1g6g2g3h3h2h4h5g4
Worldchampionship,2009.11.06,9,FeldborgKarsten,PihlajapuroKatie,43-21,f5d6c3d3c4f4f6f3e6e7d7g6f8c5c6f7d2d8g5b6g4h4e2f2g3b5e3h3f1c1e8g8b7b3h5a8h2e1c8b8c7h6h7g1d1c2h1g2b2a1b1g7a3a2b4a4a5a6
Worldchampionship,2009.11.06,9,vandenBiggelaarNicky,SchmidtSebastian,29-35,c4c3d3c5b3f3b5b4d6c6b6e7a4c7c8a6e6d8f6b8e3f2d7a5e8f8a7e2d2c1d1f5b1f4g6g4e1f7g5f1g1c2g3h5h3a3a2b7h6h7a8g7g8h8g2b2h4h1
Worldchampionship,2009.11.06,10,TakanashiYusuke,BergMatthias,26-38,c4e3f6e6f5c5c3b4d6c6b5a6d3b6b3c2a4a5a7f4a3d2d7e7f8c8e8f7g8b7g6d8g5h8g3g7f3e2f2b2a8h7g4h6h5h4e1c1h3h2a1a2g2c7b8h1g1f1
Worldchampionship,2009.11.06,10,SuekuniMakoto,FeldborgKarsten,37-27,c4e3f6e6f5c5f4g6f7d3f3g5g4e7c2f2c6f8g3h3f1d2d6c3d1e1e2b3b5d7b4h2h4h5c7a3a5a4b6a6b7g2b2a8a7b8c8b1a1a2c1d8e8g1h1h6h7h8
Worldchampionship,2009.11.06,10,SchmidtSebastian,CupialMilosz,13-51,d3c5d6e3f4c6c4c3e2f2c2f1b5b6b3c1b4a3d7a6d2f3e1d1g3g4g2f6a4e7a2d8h5f5e6g5f8e8f7c7c8g6g1h1h4h2h6h3b2a5a7b7b8b1a1g7h7h8
Worldchampionship,2009.11.06,10,OdegardMartin,OkamotoKazuki,17-47,c4e3f5e6f4c5d6c6d7f3d3c3e2f2d2d1e1f1c2c1b6f7b5g6b4g5f6e7f8b3h6h5g3g4h4c8d8e8h7g8b2c7b7h2b1a4a6a1g7a5a3a8g2a2a7b8g1h8
Worldchampionship,2009.11.06,10,TakizawaMasaki,HelmesSido,54-10,c4c3d3e3d2b4f4c2c5e6b3d1b5e2f3f2c1c6b6a5f5g5f6e7d6e1d7g3a3g4g6c8f8e8f7h5a4a7f1g7h4h3d8a2a6g8a1b1b2b7h8h6a8c7b8g1h7h2
Worldchampionship,2009.11.06,11,vandenBiggelaarNicky,TakanashiYusuke,32-32,f5d6c3d3c4f4e6f6e3c5g5h4c6g3d7c8e8c7e7b5b4f3g6d8f7g4h5f8g7b6a5e2a6d2f2b3a2e1c2c1b2a1b1h8b7a4a3b8h3a7d1f1g8h7a8h2h6g2
Worldchampionship,2009.11.06,11,BergMatthias,SuekuniMakoto,27-37,e6f4c3c4d3d6f6e7f5e3c6c7c5d2f2e2d7b3d8b4g3g5h5e8c8g4f7b8a3a5d1c2h3g2a2b6b5a6f3b7a4a1c1b1b2e1h1f8g6h2a8a7g8h4g7h8h7h6
Worldchampionship,2009.11.06,12,TakizawaMasaki,SchmidtSebastian,56-8,c4c3d3c5d6f4f5e6f6c7d7e3f3g4g3c6g5h4e2d2b6d8b4b3h3h6f2a4b5f1h5h2c1e1d1b1c2e7g7f7g8a7a6a5g2h7h8g6f8e8a2b2a1a3g1h1b7c8
Worldchampionship,2009.11.06,12,BorassiMichele,TakanashiYusuke,27-37,e6f4e3d6c5f3c4f6f5g4g5c3d3g3h4h3g6h6c7b4d7f7f8h5e7c6f2c2d2f1a4b3a3d1e1e2b6a6b5b7a5a2a7a8b8c8e8d8g2h2c1b1h1g1a1b2g7g8
Worldchampionship,2009.11.06,12,OkamotoKazuki,SuekuniMakoto,35-29,f5d6c3d3c4f4c5b3c2b4e3e6c6g4f6b6g6g5f3f2e2d7f7c7h3e7h6f8a3d2a4a5b5c1a6g7d1e1g1b1h8b7a8h4d8f1a1h5e8b8c8a7g8h7g3a2b2g2
Worldchampionship,2009.11.06,12,OdegardMartin,vandenBiggelaarNicky,26-38,f5d6c4d3c5f4e3f3e2c6e6f6d7c7e7e8d8c8f7f8g3b5b4d2g4b6a5c3g5g6c2a3h7a6a4b3b2f2e1h3h4h6h5h8a7a8b8b7g8g1f1h2h1g2g7a1b1c1
Worldchampionship,2009.11.06,13,SuekuniMakoto,vandenBiggelaarNicky,28-36,c4e3f6e6f5c5c3b4d3f4c6g4d6b5a5a4a3b6b3d2g5c2h3c7e7d7a6g6h6g7g3f3e8d8c8f7h8h7e2h4h5f2g1f1e1c1g2h1h2d1b2b1g8f8a1a2a7b7
Worldchampionship,2009.11.06,13,BarreSebastien,TakizawaMasaki,44-20,c4e3f6e6f5c5f4g6f7d6e7f3g5h5g4g3b5d7h6d3c6c7c3b6b4f8d8c8e8a5c2e2f2b7d1c1d2a4g7h7h3e1h4h2a8b8h8g8h1f1g1g2a7a6a3b3a2b2
Worldchampionship,2009.11.06,13,TakanashiYusuke,UrashimaMei,38-26,f5f6e6d6f7e3d7e7c5c6c7b4e8b6a6c8c4c3b5d8b8a4e2f2a5a7d3f3f4b3d2g5g4g6h6h3h4g8h5f1e1g3c2h7a2c1d1g7a3a1b7b1b2a8f8h8h2g2
Championnatd'Espagne,2009.10.10,Final,MartinJavier,SaizRuben,15-49,f5d6c4d3c3f4c5b3c2e3d2c6b4b5d7e2b6f6g4h3f3d1g5h4f1e6c1b1a3a4a5b2e7e1h5g6h2f7h6e8d8c8g7f8c7b8a1a2b7a8a7a6h8g8h7g2g3h1
Championnatd'Espagne,2009.10.10,4,MorenoBorja,MartinJavier,20-44,c4e3f6e6f5c5f4g5g6f3d7d3h5c3e2d6g3d2g4e7b4b5a5c6c7a6a7a3d1f1b6h6e1c1f2d8f8e8c8f7h4g7c2b2b3h3h2a4h8h1a1a8h7b7b8a2g2g8
DeutscheMeisterschaft,2009.10.11,F1,SchmidtSebastian,BergMatthias,25-39,d3c3c4c5b4b3b5a3d6f4f5a6g4d2d1e3e2f3a4a5c2f1e1f2g1c6c7e6d7f7g3g6f6b1h6d8f8e7c8e8b6g7h7h3h4a7g2g5h5h8g8b7a8b8a2h1h2c1
DeutscheMeisterschaft,2009.10.11,F2,BergMatthias,SchmidtSebastian,26-38,e6f6f5d6f7f4c5c4d7b5c7g5g4g6h6h4h3h2g3c8d8e8e7b6a5a6f3d3a7e2e3f2c2c3b4c1e1f1d2b3a2d1b2c6b1a1b7h5h1f8h7a4a3a8b8g7g1g2
DeutscheMeisterschaft,2009.10.11,F3,SchmidtSebastian,BergMatthias,29-35,d3c3c4c5d6f4f5d2b5c6b6e6e3f6g3f3e7f7g6e8g5g4f2d7f8e2c8h3h4g8e1d1c1h6h2f1g1a5b3b2c2a6a4c7b8a2b7b4a7a8d8a3b1h5h7a1h8g7
DeutscheMeisterschaft,2009.10.11,3/4-1,YeLiya,HöhneAndreas,16-48,d3c3c4c5f6f5e6e3f4f3d2e2c2d1b4b5b3d6c7g4a6c1h4d7f2e7b6c6e8d8c8f7g6g8f1e1b1a4a5a7b7a8b8f8g7h8g5h7h6h5h3g3g2h1h2g1a2b2
DeutscheMeisterschaft,2009.10.11,3/4-2,HöhneAndreas,YeLiya,0-0,d3c5f6f5e6f3e3d2f4g4g5e7f2e2g3f1d7g6d6c8c4f7h6c3c6b5e8g8c7g7b6a6b4b8h8h7h5a3c2h2a5c1a7a4a2b7f8d8a8h4
DeutscheMeisterschaft,2009.10.10,1,YeLiya,BergMatthias,9-55,d3c5f6e3d6c3d2e6f5c4c6f4e2f3d7e7g4f2g5g3h3c1c7d8e1b5b3c2c8f7g8b4a6a5a4b6a7h6h4g1b7b8f1d1b2a8e8g2h2f8g6h8g7b1a2h7a3a1
DeutscheMeisterschaft,2009.10.10,2,BergMatthias,MeibomArne,42-22,e6f4d3c4e3d6b5f6c6c5f5e2e7d7g5g4c3d2f7h5e8a5a6c8a4b6b4c7d8a3a2b3b8g6c2g8d1e1f1f2g2b1c1g1f3b7a7h1g3h2a8b2f8g7h8h7h6a1
DeutscheMeisterschaft,2009.10.10,3,SchmidtSebastian,HöhneAndreas,35-29,e6f6f5f4e3c5c4d7g4g3g6h3b5h6e7d3f3c3g5f2c8e2d2c1c2b3e1b4a4a3d1f1a5b1a2f7h4e8d6d8c7h5h2g2h7g7h8b7a6c6h1b6f8g1a1b2a7g8
DeutscheMeisterschaft,2009.10.10,4,BergMatthias,SchmidtSebastian,50-14,d3c3c4c5b3f3c6d2e3c2e2b4d6b5f5f4a6e7c1a3a4e1g3b6f1g1f6e6f7f2e8h4c7g5g6h6d7a5a2b8c8b7d1d8h1g4f8g8g2b2h2h3h5b1h7a1a8a7
DeutscheMeisterschaft,2009.10.10,5,ModellatoreTonya,BergMatthias,16-48,c4e3f5e6f6c5c3b4d3e2d6f4b5d2a3a5b3c6b6a6a4a2g3d7c8e8e7f8c7a7e1f7d1f2f3f1b2g6h6g5h5a1d8b8g1g7g8h8h7g4h4h3g2h1h2c1b7a8
DeutscheMeisterschaft,2009.10.10,6,HöhneAndreas,BergMatthias,9-55,e6f4c3c4d3d6e3c2b3f5f3d2e2f6e1d1c6g3e7c5b5f1d7b4a3f2c1a6g4g6g5h4a5c7g1h5g2a4h3a2b8h1h2b1b2a1h7b6a7a8h6b7h8g7f7c8d8g8
DeutscheMeisterschaft,2009.10.10,7,SchmidtSebastian,YeLiya,42-22,e6f4e3d6c5d3f5f6c4c3d2b4f3e2f2c1b6b5a6c2b3a5a4g3h4f1c6c7d7h3f7a3a2b7g6h5g5e7g4h6a8a7b2f8b8a1e8c8d8g8g7h8h7g2h1h2g1b1
DeutscheMeisterschaft,2009.10.11,8,SchmidtSebastian,ModellatoreTonya,51-13,e6f4e3d6c4d3c3f3f5e2g4g3f2h5f1d1e1g1f6c5d2e7h3b3a3g6b4g2b6b5c6a4h1h2c2c1b1d7g5h4b2a1a2a6h6h7g7g8h8e8f8f7d8c7c8a5b8a8
DeutscheMeisterschaft,2009.10.11,9,HöhneAndreas,BeyerGünther,0-0,d3c5f6e3c3f5f3e2f4g5
DeutscheMeisterschaft,2009.10.11,10,SchmidtSebastian,RößlerDaniel,23-41,e6f4d3c4e3d6c5c6b3f3g3b4g5c2c3d2d1c1b1f2f5e2f1f6e1g6d7a3e7h5h4g4h6h3h2g2b2c7b8d8a4a5b5b6a7f8b7a6e8a8c8f7g7h7h8g8g1a2
DeutscheMeisterschaft,2009.10.11,11,MeibomArne,SchmidtSebastian,12-52,e6f6f5f4e3c5c4d6b5d2f2d3g4e2c1c3f1b4g6g5d7a6b6c7c6f7e7f8c8d8e8h6g8a7h4h5h7b7a4a5a3b3c2a2a8b8a1h8g7h3b2g3f3g2h1h2g1b1
IndianChampionship,2009.10.06,F1,VyasMehul,RoyAmar,47-17,e6f4d3d6f5c4e3e2c5f3c6g6b4e7f6g5g4c3e8h5h3d7f7h4c8b3h6a5g3c7f2d8e1f8g8g7b8g1d2d1f1h2a4a3h8b5b7b6a6h7g2c2h1a8a7b1c1b2
IndianChampionship,2009.10.06,F2,RoyAmar,VyasMehul,23-41,e6f6f5d6c5e3d3g5f3b5g6f4h6h4e7d7h5g4h3g3f7c4c3e8b4a3b6f8a6a5c6c7d8c8a7a8a4f2e2d2h2b3b8b7b2c2e1d1c1b1g7h8a1g8h7h1a2g2
IndianChampionship,2009.10.06,SF1,VyasMehul,PanigrahiSomnath,40-24,e6f4d3c4f5f6g5d6g4e3f3g6f7d2e7h5c7h3h4d7c1e8f8g8c8c6c2g3c3f2b4e2d8b8c5b5f1a4e1b3b6d1a6a5b7g7h6g2h1h7h8a8a7h2g1b1a1a2
IndianChampionship,2009.10.06,SF1,ChoudharyAshok,RoyAmar,39-25,e6f4d3c4c3d6f6e7f5e3c6c5d7g6f7e2g5h6b6b5a4c2f3c7f2d2g4h4b4g8f8e8c8g3b3a3d8b8h5f1h3g7b7a8a7h2e1d1h8h7h1a6a2b2a1b1g2g1
IndianChampionship,2009.10.06,SF2,PanigrahiSomnath,VyasMehul,25-39,e6f6f5d6c5e3d3g5f3b5b6b4c6c4c3b3d7e7e8f4h5h6f7c7a4h4c8d8g6g4a5a3c2f8a2a7g8b7a8a6b8a1g7c1g3d2e2f1e1d1h3h8h7f2b2b1g2g1
IndianChampionship,2009.10.06,SF2,RoyAmar,ChoudharyAshok,33-31,d3c3c4e3f4d6e6b4c6g4b3c5b5a4c2d2d1c1b1a3f5b6b2e2g3g6f6g5a6a1f3f2h3h5a5f7h4e1d7c7c8e7e8f8d8h6h7g7a2b8b7a8a7g2h8g8f1h1
IndianChampionship,2009.10.06,SF3,ChoudharyAshok,RoyAmar,26-38,e6f4d3d6e3f6g4c4c6b6d7c3f5d8c5d2b4b5e7a5f7f2b3f3a4a2f1a3e2g3h4e1c1d1c2g6a6a7g5g8h6g7c8b8c7e8f8h8h7h3g2h1a8b2a1b1h2b7
ChampionnatdesPays-Bas,2009.10.03,4,vanDijkMarieke,HelmesJiska,0-63,d3c3c4e3f4d6e6b4c6g4g3g5f3f5f6g6e2d2h6c5h5h4h3f1b5f2d1a6a3a4c2b3a5a2b2b6e1a1b1c1a7a8b7c7d7d8b8c8e7f7g1f8e8g7g8h8h7g2
ChampionnatdesPays-Bas,2009.10.03,4,AubroeckPatrick,FransenMartin,34-30,c4e3f5e6d3c5d6c6f6f4e7f3b5c2d2c1e2d1f1f2g1c3d7a6b6c7a4d8e8f8f7a5b3b4a3a2b8g8b7g4g5h5g3h3h4h6g6g7g2h7h8c8a8a7h2h1e1b2
ChampionnatdesPays-Bas,2009.10.03,5,vanGimstAnja,HelmesJiska,50-14,f5f6e6f4e3c5c4e7g4g3c6h3g5h4h6g6d7f3e8d3h5h7c2d6e2f8g8b5f2d8c8f7b6c7b8b3a5b4a3d2a4a7c3f1e1c1g1d1b1b2g2h1h2a1h8b7a8g7
ChampionnatdesPays-Bas,2009.10.03,5,FransenMartin,HoboRoel,20-44,e6f4e3d6c5f3c4f6f5g4d7c6f7e7e8b5g3c8b4g8a5d3b6c7e2a6a7c3h5c2d2a3d8f8b7h3g6g5h6h4h2a4c1f2g7d1g1f1e1b3a2h8h7a8b8a1b2b1
ChampionnatdesPays-Bas,2009.10.03,6,HelmesJiska,PraseptyoLinda,15-49,c4e3f4c5d6f3e6d7c6b3d3c3b4g4e2d2c7f6f5e7d8a4b5c2f8f2g5h6h5h4h3h2f7a6a5b6g3b7f1b8a8a7c8e1d1c1a3g1b1a1g2h1g6g7a2b2h8h7
ChampionnatdesPays-Bas,2009.10.03,6,vandenBiggelaarNicky,AubroeckPatrick,30-34,c4e3f4c5d6f3e6c3d3e2b5b6b4a5a3a6c2c6f5c1b3g6f6g4d2g5d1a4a7b1d7d8c7e7f1e1a1a2f2a8b2b8c8b7g3h3h5g2h6f7h1g1h4h2f8e8g8h8
ChampionnatdesPays-Bas,2009.10.03,6,HoboRoel,HelmesSido,26-37,e6f6f5d6f7f3e3g6e7f4h6d7d3g4g5h5f2g3h3e2f1h7c6b5c8f8b6c3c5c4d2a6c7e8d8b8b3b4h4h2g7c2a5d1c1e1a7b2a3a2a1b1g2a4b7a8h1g1
ChampionnatdesPays-Bas,2009.10.03,6,deGraafJanC.,KortendijkAlbert,44-20,d3c5f6f5e6e3c3f3c4b4b5c2a3b3d2e2f1d6c6a6a4e7g5d7c7e1f4g6f2b2f8d8h6f7g8h4c8b8h5h7g4b7b6h3a1a2g3g1b1a7c1g2h1d1h2a5h8g7
ChampionnatdesPays-Bas,2009.10.03,7,FransenMartin,deGraafJanC.,25-39,e6f6f5d6c5e3d3f4f3c2g4c4b4c3e2d2c6f1b3g3g5b5b6c7c8f2e1c1d1h3d7a5a4a3h5e7b2a1f8a2b1e8a6a7d8h4b7g6h7h6h2g2f7a8g1h1b8g8
ChampionnatdesPays-Bas,2009.10.03,7,HoboRoel,HoetjesTim,41-23,d3c5f6f5e6e3c3e7f3c4f4g4g6g5h5e2f7h6d6f2f8h4b5c6d7b6b4a5b3c8c7b8a4a6a7d8g7a3a2h8h7b7c2d2a8e8g8c1g1g2b1a1b2h1h2e1d1f1
ChampionnatdesPays-Bas,2009.10.04,8,FransenMartin,AubroeckPatrick,28-36,d3c5d6e3f4f6c4c3f5e6d7f7g6c7c6d8f3e7f8h6e8g4h3g5c8h4g3b6b7e2f2g1a6g2h5h2f1a8b8g8h1g7d1e1h7h8d2a7b4a5b5a4b3c1a3a2c2b2
ChampionnatdesPays-Bas,2009.10.04,8,HelmesSido,KortendijkAlbert,28-36,c4e3f6e6f5c5c3c6d3d2f3b3b4c2b6f4b5d6g4a4e2a3a5f2d1a6f1g5c1g6h6h5h4e1e7f7f8g2c7h3g3g1b2d7d8c8g7h2a2e8h1h8h7g8a7a1b1a8
ChampionnatdesPays-Bas,2009.10.04,9,AubroeckPatrick,KortendijkAlbert,16-48,c4e3f5e6f6c5c3c6b5b6d6d7c7b3c8d3d2e2a6d8f3b4f4f2e1f1d1c2g1e7c1b2a5a3e8f8g8f7g6a7a1b1a2a4a8h1b7g2h2b8h8h7h6g7g4h3h5g5
ChampionnatdesPays-Bas,2009.10.04,9,HoboRoel,FransenMartin,30-34,e6f4c3c4d3d6f6c6d7e7c5c8f5c7f7e3e8g5d8b6b5g6b8g8f2b3b4a5a4a3f3e2d1g3g4f1h3h4a7h2h6h5h1e1h7g7h8f8g1g2d2a8b2a2b7b1a1a6
ChampionnatdesPays-Bas,2009.10.04,10,HoboRoel,KortendijkAlbert,25-39,e6f4c3c4d3d6f6c6d7c7f5c2b6c5b5e7f8b4a3a6a4e3b3b7e8a7a8a5b8g5h4h6c1d2g3f3h5g7g4c8d8f7g6h7g2f2f1h3d1e2e1h1h2g1b2a1b1a2
ChampionnatdesPays-Bas,2009.10.04,10,HoetjesTim,AubroeckPatrick,28-36,e6f4d3c4e3d6c5c6b3f3f5b4d7f7e7e8c8f8g4c7b8d2c1g6f6e2h6d1f2g3e1g1f1b1h3g5b7b5h5g2h1h2a1h4c2c3b2b6a6a8d8a7g7g8h8h7a5a4
ChampionnatdesPays-Bas,2009.10.04,11,AubroeckPatrick,deGraafJanC.,47-17,f5f6e6d6c7c6d7d8c5b5b6a6c4c8e7g4f7f8g6h6g5b4a4e8a5a3b3h5f4d3c3e3h4h3g3d2b7f2f3e2b8a8a7b2a1c2a2b1c1d1e1f1g1g2h1h2h7g7
ChampionnatdesPays-Bas,2009.10.04,11,HelmesSido,HoboRoel,25-39,c4e3f6e6f5c5c3b4d3e2d6f4c6b5b3b6d2g5f1c1d1c2a5a3a6d7g4c7f3a4e7e1b1b2d8f7a1a2h6h5h4g6h7f8b7e8g8g3f2c8b8a8a7h8g7h3h2h1
ChampionnatdesPays-Bas,2009.10.04,12,HelmesSido,AubroeckPatrick,31-33,c4c3d3e3c2d6e2e1f3f2f4d2c1b5d1b1f1g1c5b3b4c6a3a5f6e6f5g4f7e7g6g5h4h3h2g3h5g8d7h7f8e8c8a4a6b6a2c7d8h6h8g7b7a8g2b2a1h1
ChampionnatdesPays-Bas,2009.10.04,12,HoboRoel,vandenBiggelaarNicky,31-33,e6f4d3c4c3d6c5c6f6e7f7b5e8e3d7c7b6a5b8c2f5b3a6b7f3g3e2d2d1g6f2a4b4a3h3b2g5f8a1a2d8c8g8g1f1e1h5g2g4h4c1b1h1h2a8g7h8a7
ChampionnatdesPays-Bas,2009.10.04,13,AubroeckPatrick,HoboRoel,20-44,f5d6c4d3e6b4d7f4g3g4b3b5h3g6d2e2f3c5c6e3f2c1a5f7e7f6g5h6h5e8d8g7a4c3d1c2b1h4h8h7g8f8b2a1a2e1g1a6a7a3g2h1h2f1b6a8c7b7
ChampionnatdesPays-Bas,2009.10.04,13,vandenBiggelaarNicky,KortendijkAlbert,35-29,f5d6c3d3c4f4f6f3e6e7f7c5b6b4a5a3d8a7c7b3c6c8b5a4a2d7e8b7g3h3e3e2e1c2f2f8d1g8b2d2c1g7a6a1a8g4b1f1g5b8h4h5h8h7g6h6h2g2
ChampionnatdesPays-Bas,2009.10.04,14,AubroeckPatrick,vandenBiggelaarNicky,31-33,c4e3f5e6d3c5d6c6f6f4e7f3b5c2d2e2d1c1b1c3d7c7b6d8b3f8e8a3e1b4a4f1g1f2c8b8a2b7g5a6b2h5g6a1a5h1h6g7f7h4h3g4h7h8g8h2a8a7
ChampionnatdesPays-Bas,2009.10.04,14,deGraafJanC.,HoboRoel,35-29,e6f4c3c4d3d6f5c2b5e3f3c5b4f6c6b3d2a5a4a6a7b2e7g5h5d7b6c7a1d1e8f8g8d8c8f7e1e2f1g6g4f2h6h3h4h7g3h2g2h1g1b8a8b7g7h8a3a2
ChampionnatTcheque,2009.09.27,Final,VoráčekMiroslav,DoudaTomáš,24-40,e6f4d3c4e3d6c5c6d7f7e7f5f6f3b3g6b6b5a6a5g5d8a4h5f8g4g3c3b4c7c8e8h4g7h8g8h7h6c2b7a7a3a2a8b8b1e2a1c1f1d2f2d1b2e1g1h1h2
EGPPrague,2009.09.27,F1,SchotteTom,CupialMilosz,41-23,d3c5f6f5e6e3c3d2f4f3e2f1c4f2c2b3e1d1b6d6e7g4h4g6g5b4g3h3a4e8h6c7d7f7b1b5c6c8f8h5h2c1g1g7d8b8a8a7b7a6g8h8h7h1g2a1a5a3
EGPPrague,2009.09.27,F2,CupialMilosz,SchotteTom,23-41,d3c3c4e3d2b4b3c5a5c1c6c2e1d1b1a3e2d6d7d8f5f4b5e6f6g5g6f3h5f2g4g3f1h4h3h2a4a6b2h6g2h1g1h7g7a1a2g8c8b8h8f8e8f7e7c7a8b6
EGPPrague,2009.09.27,3/4,VaesDimitri,VoráčekMiroslav,25-39,c4e3f6e6f5c5f4g6f7g5f3e7d3g4h4h3h2g3f2f1d6e2c6c2c3d2c1d7f8d8h7c7c8b5e8b3d1b6b7e1g1g7h8g8a7a6b4a5a2a8b8a4a3a1h6h5h1g2
CampionatiItaliani,2009.09.27,F1,MarconiFrancesco,BorassiMichele,37-27,c4e3f5e6f4c5d6c6b5f6d3b6e7g5d7f8e8d8f3a5h5c7g4c3f7g6b4d2e2h6b3c2a6a7c1a4c8f1a3a2b7f2g3d1b1h3h7h4h2g2h1g7g8h8g1a1b2b8
CampionatiItaliani,2009.09.27,F2,BorassiMichele,MarconiFrancesco,55-9,d3c3c4c5f6d2c6c7b5b6b4a3a4a5a6a7b3f4e2f1f3f5e3a2d6d7d1f2g3g4h5e1g1f7e6h3g5g6c2c1b1h6h4h2g2h7g7h1b2g8h8f8e8a1b7c8e7a8
CampionatiItaliani,2009.09.27,F3,MarconiFrancesco,BorassiMichele,34-30,c4e3f5e6f4c5d7f3d3g4d6f6e2e7c7c6f7b4b3c2c3d2b6b5g6a4a3a2a6d1g5h6c1h7h4d8c8b8e1g3h5h3e8f8g7a5a1b7a8a7g8h8b2b1h2g2h1f2
CampionatiItaliani,2009.09.27,3/4-1,SperandioRoberto,DiMatteiAlessandr,30-34,f5f6e6f4g5e7f7h5g4g6e3f3h3h4h6f8d8c5c6c7d3d6e8c8d7e2d2g3b4c1f1c2c4b5d1e1a5g1h2c3f2g8b3a3a4a6g7g2b1a1h1a2b2h8h7b8a8b7
CampionatiItaliani,2009.09.27,3/4-2,DiMatteiAlessandr,SperandioRoberto,42-22,f5f6e6f4g6d6e3f3g4g5d3e2f1d2c5c6g3e1d1c4c1f2c3f7h6h3g1h4b4a4e7b2c7c8e8d7d8f8b3a2h5h7b5b6g8h8g7c2b1g2a1a3a5a6a7b7b8a8
CampionatiItaliani,2009.09.27,SF1,MarconiFrancesco,SperandioRoberto,0-0,f5f6e6f4e3c5g5f3g4g6g3d6
CampionatiItaliani,2009.09.27,SF1,DiMatteiAlessandr,BorassiMichele,24-40,f5d6c3d3c4f4f6g5e6c5e3f3g6e2b6e7f7c6e8f8h5d8g4g3c7h4e1h6f2d7h3h2g8h8c8b5b7a6a7a5h7g7h1a8b8b3b4a4a3g2f1a2b2b1a1c1d1c2
CampionatiItaliani,2009.09.27,SF2,BorassiMichele,DiMatteiAlessandr,23-41,e6f6f5f4g6c5g4g5h4h3f3g3h5h6e3e7c6f7e8c4f8d6d7c8c7d2e2b6b5a6d3c2b4f1c3a5a3b3e1d1f2b8a2b7a8a7a4d8c1b1g7g1b2h8g2g8h2a1
CampionatiItaliani,2009.09.27,SF2,SperandioRoberto,MarconiFrancesco,21-43,c4c3d3c5b4d2c2b3a4c1e1f5e3d1b1f4f3e2d6a3g6f2b5c6d7a6f6a5b6a7b2g5e6c7g3d8h4e7g4h5h6h2h3h7e8f8g7g2c8b7g8f1a2a1h1h8f7g1
CampionatiItaliani,2009.09.27,SF3,BorassiMichele,DiMatteiAlessandr,37-26,e6f6f5f4g6c5g4g5h4h3f3g3h5h6e3e7c6f7c3d7f8d6c8d8e8c7b4f2b5d2e2d1c1b1b6c4b3a5d3a4a3a2a6a7e1f1g2c2b7h2h1g1a1a8g7b8h7g8
BritishNationals,2009.09.20,Final,HandelMichael,LeaderImre,50-14,f5d6c5f4e3c6d3f6e6d7g3c4b4b3g5c3b5a5a4a3b6a6d8e7c7e8f8d2c8f2e1f7g8f3g6h3e2c2d1c1b1h5b2g1h6b8a8g7f1a1h8g2b7g4a7h7h4h2
BritishNationals,2009.09.20,3/4,RobinsonSteven,HandDavid,21-43,c4e3f6e6f5c5c3b4d3f4c6g4d6b5a5a4a3b6c7d2b3c2g5c8d7h6g3g6h3h4h5h2c1f3f2e2f1a7a6a2g2f7f8h1g1e7b2a1b1e8g8h8d8d1e1b8b7a8
ChampionnatdeFrance,2009.09.20,F1,NicoletStephane,LazardEmmanuel,19-45,f5d6c3d3c4f4f6f3g4g3e6b3c6h4d2c5b6e1b4e3c2a5a3e7d7b5d1e2f1a4a6g6d8f7f2e8g5c8f8c7b8b7h3h5a8a7h6b1b2a1c1a2g1g2h1h2h7g7
ChampionnatdeFrance,2009.09.20,F2,LazardEmmanuel,NicoletStephane,64-0,f5f6e6f4e3c5g5d3d6f7g6e7c4e2d7f3g3g4c2c6d2h6h3f2c3b4e8f8b6b3b5e1c1h5h4a5d8g7f1d1a6h2g2h1g1c8c7b8b7a4a3a8
ChampionnatdeFrance,2009.09.19,1,ButinPierre,NicoletStephane,31-33,f5d6c3d3c4f4f6g5e6b4e3c5g6f3g3e2c2g4f2d7f1d1e1e7c1h6h5h4f7d2h3h2e8d8g7g2c8c7b8c6a4b5a5b6b3a6a7a2f8h7h8g8b7b2a1b1a3a8
ChampionnatdeFrance,2009.09.19,2,KashiwabaraTakuji,TastetMarc,32-32,c4e3f6e6f5c5f4g6f7d6e7f3g5h6b6c6d3b5d7c7d8a6e2c8b8b4b3c3a3a5a4a2g4f2h4f8g3f1d2h3h2e8g8h5h7c1b7a8e1d1g2h1a7c2g1h8g7a1
ChampionnatdeFrance,2009.09.19,3,AndrianiBintsa,NicoletStephane,0-64,f5d6c5f4d3c4c3f6e3c6d7b5b4e6c7b6a6a5a4f2e7e8f3e2g4g3g6b8f7d2c2a3a2b3d1f1e1c1a7h4d8g5f8h7g2g7h2g8h8h1g1h3b2b7h5h6
ChampionnatdeFrance,2009.09.19,6,MargaritEric,NicoletStephane,17-47,f5d6c3d3c4f4e6b3e2e3d2b4g3c2f3g4c6c1d1c5b5g6f2f6h5h4h3g5f7h7b1f1a5a4a3e7d8d7c8b6a6c7b8e8f8e1g1b7h6h2a7a8g2h1a1g7h8g8
ChampionnatdePologne,2009.09.06,F1,NowakDominik,CupialMilosz,37-27,e6f4c3c4d3d6e3c2b3c5b4f3b6f5d2c1g6c6b5a6e2a5a3d1f1f6c7e1b1c8f2h6g3g2g4h2e7d7d8e8h4h3g5h5f7f8g7a4a7h8h7a2a1b2g8b7b8a8
ChampionnatdePologne,2009.09.06,F2,CupialMilosz,NowakDominik,44-20,d3c3c4c5b4e3d2b3f4f5c2c1e6f2e2g4d6f3b5a4g6a6a3e1d1a5b6a2b2f6g5a7c6h5h4h3h6h7g3h2e7e8f8g8f7d8b7b1a1a8c7g7h8d7g1f1h1c8
ChampionnatdePologne,2009.09.06,F3,NowakDominik,CupialMilosz,35-29,e6f4c3c4d3d6e3c2b3c5b4f3b6f5d2f6e2e1f1c1g3f2g4g5g2c6b5h1h3h4g1h2c7c8e7d8d7f7b2a1e8f8h6g6g8h8h7h5g7a6a5a4a3a2d1a7b7b1
ChampionnatdePologne,2009.09.06,3/4-1,KazimierczukMariusz,PeczkowskiPawel,37-26,d3c5c6e3c4c2d2c3e2d1f4e1d6f5f3e6f2b4b3b5a5e7f7g5g4f6c7g6f8h3f1g1a6d7c1b1b6d8h4h5h6h7e8a3c8g7g2a4g3a7b7g8h8a8b8h1h2b2
ChampionnatdePologne,2009.09.06,3/4-2,PeczkowskiPawel,KazimierczukMariusz,43-21,c4e3f6e6f5c5f4g6f7e7d6g5f8c6b6d3h4h6c3b5d7c8d8a6a5b4a3a4c7a2b3c2g3f3g4h5h3h2b8e8b7a8a7g8a1g7h8h7h1b1e2b2c1d1g2d2f1e1
ChampionnatdePologne,2009.09.06,3/4-3,KazimierczukMariusz,PeczkowskiPawel,22-42,d3c5c6e3c4d2f5e6f4d6f7e7f6d7c3f3c2g6c8g3e8f8g4h5c7g5d1b5e2f2b4a3a5a4a2b3a6d8h4h3f1b7g8g2b8b6h7h6h1h8a8a7g7h2b2b1c1a1
ChampionnatdePologne,2009.09.06,SF1,CupialMilosz,PeczkowskiPawel,17-47,d3c3c4e3d2b4b3d1f4f5e2e1f1c2f2c6d6f3c1c5e6a3b5a6b6e7d7f7g5g4g6f6h3h4h6h5g3c8d8e8c7a7g8b8a5a4h7b2b1g7a2a1f8h8b7h2g2h1
ChampionnatdePologne,2009.09.06,SF1,NowakDominik,KazimierczukMariusz,40-24,e6f6f5d6f7f4c5c6c4e7c7b3c3g5f8d7e8c8d8g8e3b8a3e2f3g4h3h5g7d3d2c1f1d1e1g1f2g3h6h8h4g6h2b6a6c2b4b5b7g2h1b2a2a1b1a4a5a7
ChampionnatdePologne,2009.09.06,SF2,PeczkowskiPawel,CupialMilosz,24-40,c4e3f6e6f5c5c3b4d3c2f2f4b6c6b3d6a5g5b5e2f1d2c1a6g6g4f7f3d7d8c7a4a3a2c8e7h4h3h6h5f8b8g3h7d1b2g7h8g8h2a1b1a7b7g2e8a8g1
ChampionnatdePologne,2009.09.06,SF2,KazimierczukMariusz,NowakDominik,31-33,f5f6e6d6c5f4d3c6c7c2d2c3b4c4b3b5b6a5e3d7a6a7e8f2e7c1f7a3g6a4g5c8f3d8e2g4g3e1f1h5h4d1h6g1b1a1a2b2b8h3g2h1h2g7g8f8a8b7
ChampionnatdePologne,2009.09.06,SF3,CupialMilosz,PeczkowskiPawel,34-30,d3c3c4e3d2b4b3d1f4f5e2e1f1c2f2f3c1c6g3g4h5h3a5h2g5g2d6b5h1g1h4c5g6a4a3b6e6d7d8e7e8f8g8c7a6f6c8a7a8b8b7h7f7b1g7h8a1h6
EGPParis,2009.08.30,F1,AndrianiBintsa,CupialMilosz,46-18,f5d6c5f4d3e3g4g3e2f6e6c4f3d2c3f2g5e7c1c6d7b3b4f7c2b6g6a3d1h5e8h4b5f8d8a5g8e1f1g7a7a6h8a8h3g2b2c8b8b1a1a2h7h6g1h1h2c7
EGPParis,2009.08.30,F2,CupialMilosz,AndrianiBintsa,58-6,e6f4e3d6c5d3f5f3c4g6c6e7f7c3f8b4a3b5a4a6b3a5a7c7b6e8d8d7f6b8h6b7g5g4a8h5c8h7b2a2a1b1c1c2d1g8d2e2h3h4h8f1e1f2g2g7g3h1
EGPParis,2009.08.30,F3,CupialMilosz,AndrianiBintsa,53-11,e6f6f5f4g5d6e7g4f3h5e3g3h6d7g6e8c3h7h2h4f7d3c4c5b6f8c2e2d2f2e1c1c6b5c7b8d1a5b1b4g7b3b2f1g1b7d8c8a8a7g8g2a6a4h1a2a3a1
EGPParis,2009.08.30,3/4-1,KashiwabaraTakuji,MurakamiTakeshi,23-41,f5f6e6f4e3c5c4d7c6e2f3d3c3d2f2c2f1d6e1g3g4b4e7b6b5b3a4c1a3h3h5g5d1g1g6a5b2f8c7d8h4a1b1g2b8f7e8b7g8c8g7a8h1h8h2a2h7h6
EGPParis,2009.08.30,3/4-2,MurakamiTakeshi,KashiwabaraTakuji,39-25,c4e3f5e6f6c5c3c6d3d2e2b3c1c2b4b5a6a4d7f4f3e7d6e8f8g8c8f7b6g5g4f1d1h4g3g6h3h2a2e1g1b2a5a3f2a1c7a7d8b8h5h6g7h8h7b7a8g2
EGPParis,2009.08.29,6,KashiwabaraTakuji,NowakDominik,47-17,c4c3d3c5d6e3b5e6f6a6f5b6b4b3d2e2a4c6a5a3f3f4g4g3c2d1f1c1e1g1f2h5d7d8e7c7a2a1g5g6f7f8h4h3b1b2h1g2e8b7a8a7b8c8h2h6h7h8
EGPParis,2009.08.29,7,CupialMilosz,AndrianiBintsa,44-20,e6f4e3d6c5f3c4f6f5g4d7d3e7c3g6b4g5b6h3c6g3h4h5c7b5a6c8f8d8e8g8f7e2d2f2h7h6h2c1e1f1d1g2g7b7b1a1b8a8a7b3a5a4h1g1a2a3c2
EGPParis,2009.08.30,8,AndrianiBintsa,MurakamiTakeshi,37-27,f5f6e6d6c5e3e7c7f7c6d3c4d7f4c3g5b6c8e8g6d8f8b5b8f2a6h5h6g3b3h7g4f3e2b4c2h4f1d2a5e1d1a4a3g2g1b1h2c1a1g7h8g8h3h1b2a8a7
EGPParis,2009.08.30,9,DelaunayArnaud,AndrianiBintsa,21-43,f5d6c3d3c4f4f6g5e6e7c7c5b6e3d7c8d2c6f8e8f2b5a6b4a3e2f1c2h5d1g3e1f7g4b3h6h7g6h4f3c1b2g7g8a1a4a5h3b7b1h2h8a2d8g2h1g1a8
EGPParis,2009.08.30,10,AndrianiBintsa,LeaderImre,46-18,f5d6c5f4d3e3g4g5f3c4e6f6e7c2g3h4b3d2e2c7c6b5b4f7c1e8c3a4a3d7d8a2a6c8b6b2h6g6g8f8b8b1h3d1e1f1f2g1a1a5h1b7g2h2h5h7g7a7
EGPParis,2009.08.30,11,MurakamiTakeshi,DelaunayArnaud,39-25,f5d6c3d3c4f4f6g5e6d7c7g6e3c6c5b6d8b5b4f3e7f7g8f2a5f8e8b8e2a7g3a3b3h4g4c2h5a2f1e1d1g2d2b2a6a4c1h7h6c8h8h3h1b7g1h2b1g7
U.S.Nationals,2009.08.29,1,MerickelJim,ChitraYohanes,0-0,
U.S.Nationals,2009.08.30,1,FangRandy,BishopRobert,59-4,e6f6f5f4g5e7f7d6f3g3h3g6d8h5h6h7e3f8c3d7g4d3c4f2c6b6c7c8e8b4c5b5e2c2d2c1d1f1e1h2h4g1h8g2h1g7g8b7b8a7a6a8b1a5a3a4b2a1
U.S.Nationals,2009.08.29,2,MerickelJim,FangRandy,7-57,c4e3f4c5d6f3e6c3d3e2b5f5b4f6c2e7d2c7f1c6f2e1d1b6d7a5a4a3a6c8d8e8a2b3g5g6f8g8f7h4g3g4h6h3h5b8b7a8h2g7b2a7h8h7h1g2a1b1
U.S.Nationals,2009.08.30,2,PetricVlad,FangRandy,11-53,e6f4c3c4d3d6e3c2b3c5b4f2e2f5d2f3f6e1d1e7d7c8f7g5f8d8e8b5b8c7c6c1a6b1g6a3g4g3h2h4g1h5h3g7b2h7h8h6g8a1a2a4a5a8b7b6a7h1
U.S.Nationals,2009.08.29,3,FangRandy,PetricVlad,55-9,e6f6f5f4g6c5g4g5e3d3f3f7h6h4h5h7g3e7c4b4f8d2d6e2h3h2f2c7e1d7c6d8c1f1b5a6a5a4e8g8b6a7c3d1g1b2c2b3b8c8h8g2h1b1a1a2a3a8
U.S.Nationals,2009.08.30,3,FangRandy,ChitraYohanes,27-37,e6f6f5d6c5f4e7d7e3f3c4c6g6b5g5f8e8d8b4h5c8b8c7g3d3g4f7b6h6h4g7b7f2f1a5e2d2c3e1h8g8a6c2a3b3a4a8a7g1c1a2d1b2h7h2h3g2h1
U.S.Nationals,2009.08.29,4,ChitraYohanes,FangRandy,34-30,f5d6c3d3c4f4f6f3g4g3e6b3f2e3e2c5c6f7e7d2d1d7c8h4g5c2h3h2e8h5a3c1b5e1f8b4a4a6h6h7g6c7a5a2b6a7b7d8g7h8g8g2h1g1f1a8b8b1
U.S.Nationals,2009.08.30,4,ChitraYohanes,PetricVlad,56-8,c4c3d3e3f2d6c5b3c2e2f3d2c1b5d1g3g4f1f5e1g1f4e6f7h3f6a3a2a4g2g5a5b4b1a1b2g6h6b6h4a6c6e7d8d7c8f8c7h1e8h5g8h7g7h8a7b7b8
U.S.Nationals,2009.08.29,5,BishopRobert,ChitraYohanes,20-44,f5d6c3d3c4f4c5b4b5e6f3c6e3g6b3a6e7b6f6a3h6c2a5a4c1d7c8d2c7f2d1e1e2f1g1g5g4f8f7e8b7d8g8g3h4a8b2a1b8h8a2b1g2h1h2h3a7g7
U.S.Nationals,2009.08.30,5,BishopRobert,ChitraYohanes,7-57,c4c3d3e3f4d6e6g5g4c5e2f5f6f2c6f7f3f1e7e8g6h3h5d7f8g8c8c7d8b8c2d2c1d1e1b1b4b6b5a3b3a2b7g3g2g7h7h8b2a7a8a6a5h6a1h1g1h2
U.S.Nationals,2009.08.29,6,ChitraYohanes,KatzmanSharon,50-14,c4c3d3e3f2e2f4b5b4d6c2d2f3g3f1e1d1a4h3b3c5b6a2b1a6c6g5g4g1h6h5b2g6h4h7g2f5g7f6e6a1f7a3a5c1f8g8c7e8h8d7d8e7h2h1c8b8b7
U.S.Nationals,2009.08.30,6,ChitraYohanes,FangRandy,18-46,c4c3d3e3f6c5d2c2f3f4f5e2e1d6b1f1g1f2b3e6e7g4g5g3h4d7g6h5h6b4b6b5a6a3a5a4a2f8f7h2c6c7h3h7b8e8c8d8g8d1g2h1g7h8c1a8a1a7
Nationalopen,2009.07.11,1,RockwellDavid,FangRandy,36-28,e6f6f5f4e3d6c5f3g4e2f2c4c6b5c7d3e1e7g5g6f7h5h4h3d8b6g3d1c1h2h6h7d2g1f1b1c2b3d7c3a4a6a3b4b2c8g7g2b8e8f8b7a5a7a8h8g8a1
Nationalopen,2009.07.11,2,FangRandy,CaiJian,32-32,d3c3c4e3f2c5f4e2d2f3e6g4f5f6g6g5h5h3c2d7h6g3e7d6c8f8d8f7b6c6b3a3b4b5a5a4a6a7e8b8h4h7c7g8g2h2b2c1e1h1a1g1b1g7h8f1d1a2
EGPStockholm,2009.05.17,F1,KashiwabaraTakuji,BeckDavid,25-39,e6f4c3c4d3e2d2d6e3c2b3c5c1f3d1c6f5e1f1f2g1f7g5g4g6h6h3h4h5g3h7f6b4b2f8b1a1g2b5b6e7a6c7c8a5e8a7d7d8g8b7b8h1h2g7h8a8a4
EGPStockholm,2009.05.17,F2,BeckDavid,KashiwabaraTakuji,45-19,d3c5d6e3f4c6c4c3e2f6d2e6b5b3b6a5a6a7c2a4a3a2b4c1d7c7f7f1f2g1e7d8f5g8e8f8b7g5c8f3h8a8b8d1g6h6b2b1g3h3g4h5a1g7h7h4h2e1
EGPStockholm,2009.05.17,3/4-1,LeaderImre,TanidaKunihiko,32-32,c4c3d3e3d2b4b3c5d6c2b6a3f5f6f3f4f2e6c6b5c1e2f1c7a6a5d7c8e8e7g4g5h5g3h4h6h7b2f7g6d8b1b8h2a1g1a2a4b7e1d1h3h1g2g7h8g8a8
EGPStockholm,2009.05.17,3/4-2,TanidaKunihiko,LeaderImre,34-30,e6f4c3c4d3d6f6c6f5g5g4f7h6g6f8e3f3h4c5f2d7e7g3e2h3h5e8d8c8c7b5b4d2b3c2a5f1b6b8g7b7h7a6h2a2c1a3d1b1a8a7e1a4a1b2g1h8g8
EGPStockholm,2009.05.17,3/4-3,LeaderImre,TanidaKunihiko,40-24,c4c3d3e3d2b4b3c5d6c2b6a3f5f6f3f4f2g3a4e6g4h4c1f1e2e1h3c6d1h2c7a5g1b5a6a7e7f8e8c8d7d8g7h8b7b2h5h6g5g6f7g2h1g8h7a8b8a1
EGPCopenhagen,2009.05.10,F1,vandenBiggelaarNicky,CupialMilosz,22-42,c4e3f6e6f5c5d3g6d7d6c6f4g5b3c7f3g4e2f7e8e7d8f8g8f2h5c2g3h3c3d2b4b5c8b6a5a4f1e1d1c1b1g2a6a7h1g1a3a2h4a1b2h7h2h6h8b8g7
EGPCopenhagen,2009.05.10,F2,CupialMilosz,vandenBiggelaarNicky,35-29,d3c5d6e3f4c6f5c3c4b3f2e6b4f6b5a5d2a4c2c1a6a7b6c7a2d1e2g6g5h5d7b7g4f7e7e8d8c8f8a3a8b8h4h6h7f3f1e1g2g1g3g7b1h3h1h2b2a1
EGPAmsterdam,2009.07.21,F1,KashiwabaraTakuji,AndrianiBintsa,28-36,d3c5f6f5e6e3d6f7g6f4g5c6e7d7g3c4f3h6f8e8d8c8b8h5c7g4h3h4g8h2b4b5b3d2c3c2a5f2b6a3c1e2a4d1a2a7g2e1f1b1a1b2g7h8h7a8h1g1
EGPAmsterdam,2009.07.21,F2,AndrianiBintsa,KashiwabaraTakuji,35-29,d3c5e6f5d6e3f4f3g6c3c4b4b5a6b3a3d2c2c1c6b6a7e2f2g5f1e1g4a5a4h3h4h5g3b2b7h2a1a2b1a8d1d7c7b8h6h7g2f6g7e7f7g1h1h8f8g8d8
EGPAmsterdam,2009.07.21,3/4-1,vandenBiggelaarNicky,PeczkowskiPawel,37-27,d3c5f6f5e6e3c3f3c4b4b3d6c7e7a4f7c6d2e2c2c1e1g5g6d7c8d1b1f4b6e8b5d8f8a6f2g4a3g1h3h4h5g2b8g7g3h7a5h6a7h2h8g8h1f1b7a8a2
EGPAmsterdam,2009.07.21,3/4-2,PeczkowskiPawel,vandenBiggelaarNicky,34-30,e6f6f5d6e7f4g5g6c5c4f7f8d3c7c3e8f3h6d7e3f2e2g3h3g4f1d2c1h5h4g2c2h2h1d1e1g1b3c6d8c8b8a3b2a1b4b1b6a5a4g7a6b5a2a7h8g8h7
EGPAmsterdam,2009.07.24,Other,HoetjesTim,PeperkampMarcel,23-41,c4e3f5e6f4c5d6c6f7g5g4e7e2f2d2b4h6h3f6h4h5h7g3h2f3g6f1d3b5b3b6a5a4a3a6a7c7d7f8c3c2d8g7c1b2e1c8e8d1g1b7a8b8b1g2h1g8h8
EGPAmsterdam,2009.07.24,Other,ZilligRemko,YeLiya,45-19,f5d6c5f4e3c6d3f3e6f6g4e2d2g3e1h3d7c8e7d8c7b8f8f7g7c3g8c1c2b4b5g6c4b3a3f1g1b1h5h6h4g5f2a5b6b7e8h8a4a2h7g2a6a7a8a1b2h1
EGPAmsterdam,2009.07.24,Other,HoetjesTim,ZilligRemko,31-33,c4e3f5e6f4c5d6c6f7f3d3e7b5g5g4b4b6c3c7a5f8d7f6g6h4h3h6h5h2e8c8g3d8g7a3a6a4a2b7a8a7b8a1g8c2b3d2b2b1f2e1f1e2g2g1c1d1h8
EGPAmsterdam,2009.07.24,Other,YeLiya,PeperkampMarcel,43-21,c4e3f4c5d6f6d3c3f5e6b5g5e7b6g3g6f3f7c6g4h4h5f8f2a6h3h6h7b4a4a3a2b3c2c1b2d2d8e2e1g1c7c8b1g2e8d7d1a1f1a5h1h2b8a8a7b7g8
